<annotation>
	<folder>brick_kiln</folder>
	<filename>1000_31.606545_71.02746167.jpg</filename>
	<path>E:\SPROJ\brick_kiln\1000_31.606545_71.02746167.jpg</path>
	<source>
		<database>Unknown</database>
	</source>
	<size>
		<width>256</width>
		<height>256</height>
		<depth>3</depth>
	</size>
	<segmented>0</segmented>
	<object>
		<name>bk</name>
		<pose>Unspecified</pose>
		<truncated>0</truncated>
		<difficult>0</difficult>
		<bndbox>
			<xmin>82</xmin>
			<ymin>82</ymin>
			<xmax>158</xmax>
			<ymax>135</ymax>
		</bndbox>
	</object>
</annotation>
