<annotation>
	<folder>brick_kiln</folder>
	<filename>1001_28.71335667_70.29628833.jpg</filename>
	<path>E:\SPROJ\brick_kiln\1001_28.71335667_70.29628833.jpg</path>
	<source>
		<database>Unknown</database>
	</source>
	<size>
		<width>256</width>
		<height>256</height>
		<depth>3</depth>
	</size>
	<segmented>0</segmented>
	<object>
		<name>bk</name>
		<pose>Unspecified</pose>
		<truncated>0</truncated>
		<difficult>0</difficult>
		<bndbox>
			<xmin>115</xmin>
			<ymin>99</ymin>
			<xmax>204</xmax>
			<ymax>140</ymax>
		</bndbox>
	</object>
</annotation>
