<annotation>
	<folder>brick_kiln</folder>
	<filename>1003_30.55819167_72.61278833.jpg</filename>
	<path>E:\SPROJ\brick_kiln\1003_30.55819167_72.61278833.jpg</path>
	<source>
		<database>Unknown</database>
	</source>
	<size>
		<width>256</width>
		<height>256</height>
		<depth>3</depth>
	</size>
	<segmented>0</segmented>
	<object>
		<name>bk</name>
		<pose>Unspecified</pose>
		<truncated>0</truncated>
		<difficult>0</difficult>
		<bndbox>
			<xmin>133</xmin>
			<ymin>76</ymin>
			<xmax>217</xmax>
			<ymax>125</ymax>
		</bndbox>
	</object>
</annotation>
