<annotation>
	<folder>brick_kiln</folder>
	<filename>1010_30.71933835_73.1362944.jpg</filename>
	<path>E:\SPROJ\brick_kiln\1010_30.71933835_73.1362944.jpg</path>
	<source>
		<database>Unknown</database>
	</source>
	<size>
		<width>256</width>
		<height>256</height>
		<depth>3</depth>
	</size>
	<segmented>0</segmented>
	<object>
		<name>bk</name>
		<pose>Unspecified</pose>
		<truncated>0</truncated>
		<difficult>0</difficult>
		<bndbox>
			<xmin>28</xmin>
			<ymin>134</ymin>
			<xmax>108</xmax>
			<ymax>162</ymax>
		</bndbox>
	</object>
</annotation>
