<annotation>
	<folder>brick_kiln</folder>
	<filename>1012_30.19731167_72.68197333.jpg</filename>
	<path>E:\SPROJ\brick_kiln\1012_30.19731167_72.68197333.jpg</path>
	<source>
		<database>Unknown</database>
	</source>
	<size>
		<width>256</width>
		<height>256</height>
		<depth>3</depth>
	</size>
	<segmented>0</segmented>
	<object>
		<name>bk</name>
		<pose>Unspecified</pose>
		<truncated>0</truncated>
		<difficult>0</difficult>
		<bndbox>
			<xmin>140</xmin>
			<ymin>96</ymin>
			<xmax>229</xmax>
			<ymax>141</ymax>
		</bndbox>
	</object>
</annotation>
