<annotation>
	<folder>brick_kiln</folder>
	<filename>1014_28.53408833_70.26968167.jpg</filename>
	<path>E:\SPROJ\brick_kiln\1014_28.53408833_70.26968167.jpg</path>
	<source>
		<database>Unknown</database>
	</source>
	<size>
		<width>256</width>
		<height>256</height>
		<depth>3</depth>
	</size>
	<segmented>0</segmented>
	<object>
		<name>bk</name>
		<pose>Unspecified</pose>
		<truncated>0</truncated>
		<difficult>0</difficult>
		<bndbox>
			<xmin>132</xmin>
			<ymin>120</ymin>
			<xmax>218</xmax>
			<ymax>168</ymax>
		</bndbox>
	</object>
</annotation>
