<annotation>
	<folder>brick_kiln</folder>
	<filename>1031_30.652935_73.17958667.jpg</filename>
	<path>E:\SPROJ\brick_kiln\1031_30.652935_73.17958667.jpg</path>
	<source>
		<database>Unknown</database>
	</source>
	<size>
		<width>256</width>
		<height>256</height>
		<depth>3</depth>
	</size>
	<segmented>0</segmented>
	<object>
		<name>bk</name>
		<pose>Unspecified</pose>
		<truncated>0</truncated>
		<difficult>0</difficult>
		<bndbox>
			<xmin>111</xmin>
			<ymin>115</ymin>
			<xmax>190</xmax>
			<ymax>166</ymax>
		</bndbox>
	</object>
</annotation>
