<annotation>
	<folder>brick_kiln</folder>
	<filename>1032_28.38754333_70.24021833.jpg</filename>
	<path>E:\SPROJ\brick_kiln\1032_28.38754333_70.24021833.jpg</path>
	<source>
		<database>Unknown</database>
	</source>
	<size>
		<width>256</width>
		<height>256</height>
		<depth>3</depth>
	</size>
	<segmented>0</segmented>
	<object>
		<name>bk</name>
		<pose>Unspecified</pose>
		<truncated>0</truncated>
		<difficult>0</difficult>
		<bndbox>
			<xmin>90</xmin>
			<ymin>35</ymin>
			<xmax>134</xmax>
			<ymax>124</ymax>
		</bndbox>
	</object>
</annotation>
