<annotation>
	<folder>brick_kiln</folder>
	<filename>1047_30.53669014_72.09866188.jpg</filename>
	<path>E:\SPROJ\brick_kiln\1047_30.53669014_72.09866188.jpg</path>
	<source>
		<database>Unknown</database>
	</source>
	<size>
		<width>256</width>
		<height>256</height>
		<depth>3</depth>
	</size>
	<segmented>0</segmented>
	<object>
		<name>bk</name>
		<pose>Unspecified</pose>
		<truncated>0</truncated>
		<difficult>0</difficult>
		<bndbox>
			<xmin>89</xmin>
			<ymin>91</ymin>
			<xmax>156</xmax>
			<ymax>124</ymax>
		</bndbox>
	</object>
</annotation>
