<annotation>
	<folder>brick_kiln</folder>
	<filename>1056_29.42518167_71.42957333.jpg</filename>
	<path>E:\SPROJ\brick_kiln\1056_29.42518167_71.42957333.jpg</path>
	<source>
		<database>Unknown</database>
	</source>
	<size>
		<width>256</width>
		<height>256</height>
		<depth>3</depth>
	</size>
	<segmented>0</segmented>
	<object>
		<name>bk</name>
		<pose>Unspecified</pose>
		<truncated>0</truncated>
		<difficult>0</difficult>
		<bndbox>
			<xmin>74</xmin>
			<ymin>86</ymin>
			<xmax>142</xmax>
			<ymax>123</ymax>
		</bndbox>
	</object>
</annotation>
