<annotation>
	<folder>brick_kiln</folder>
	<filename>1060_30.19968167_72.350955.jpg</filename>
	<path>E:\SPROJ\brick_kiln\1060_30.19968167_72.350955.jpg</path>
	<source>
		<database>Unknown</database>
	</source>
	<size>
		<width>256</width>
		<height>256</height>
		<depth>3</depth>
	</size>
	<segmented>0</segmented>
	<object>
		<name>bk</name>
		<pose>Unspecified</pose>
		<truncated>0</truncated>
		<difficult>0</difficult>
		<bndbox>
			<xmin>79</xmin>
			<ymin>90</ymin>
			<xmax>118</xmax>
			<ymax>181</ymax>
		</bndbox>
	</object>
</annotation>
