<annotation>
	<folder>brick_kiln</folder>
	<filename>1064_32.20107345_71.30584863.jpg</filename>
	<path>E:\SPROJ\brick_kiln\1064_32.20107345_71.30584863.jpg</path>
	<source>
		<database>Unknown</database>
	</source>
	<size>
		<width>256</width>
		<height>256</height>
		<depth>3</depth>
	</size>
	<segmented>0</segmented>
	<object>
		<name>bk</name>
		<pose>Unspecified</pose>
		<truncated>0</truncated>
		<difficult>0</difficult>
		<bndbox>
			<xmin>68</xmin>
			<ymin>101</ymin>
			<xmax>140</xmax>
			<ymax>185</ymax>
		</bndbox>
	</object>
</annotation>
