<annotation>
	<folder>brick_kiln</folder>
	<filename>1070_32.44073607_74.49908457.jpg</filename>
	<path>E:\SPROJ\brick_kiln\1070_32.44073607_74.49908457.jpg</path>
	<source>
		<database>Unknown</database>
	</source>
	<size>
		<width>256</width>
		<height>256</height>
		<depth>3</depth>
	</size>
	<segmented>0</segmented>
	<object>
		<name>bk</name>
		<pose>Unspecified</pose>
		<truncated>0</truncated>
		<difficult>0</difficult>
		<bndbox>
			<xmin>128</xmin>
			<ymin>87</ymin>
			<xmax>204</xmax>
			<ymax>127</ymax>
		</bndbox>
	</object>
</annotation>
