<annotation>
	<folder>brick_kiln</folder>
	<filename>1074_32.17383333_74.2393.jpg</filename>
	<path>E:\SPROJ\brick_kiln\1074_32.17383333_74.2393.jpg</path>
	<source>
		<database>Unknown</database>
	</source>
	<size>
		<width>256</width>
		<height>256</height>
		<depth>3</depth>
	</size>
	<segmented>0</segmented>
	<object>
		<name>bk</name>
		<pose>Unspecified</pose>
		<truncated>0</truncated>
		<difficult>0</difficult>
		<bndbox>
			<xmin>118</xmin>
			<ymin>91</ymin>
			<xmax>200</xmax>
			<ymax>130</ymax>
		</bndbox>
	</object>
	<object>
		<name>bk</name>
		<pose>Unspecified</pose>
		<truncated>0</truncated>
		<difficult>0</difficult>
		<bndbox>
			<xmin>110</xmin>
			<ymin>158</ymin>
			<xmax>186</xmax>
			<ymax>193</ymax>
		</bndbox>
	</object>
</annotation>
