<annotation>
	<folder>brick_kiln</folder>
	<filename>1075_31.34365833_72.92172.jpg</filename>
	<path>E:\SPROJ\brick_kiln\1075_31.34365833_72.92172.jpg</path>
	<source>
		<database>Unknown</database>
	</source>
	<size>
		<width>256</width>
		<height>256</height>
		<depth>3</depth>
	</size>
	<segmented>0</segmented>
	<object>
		<name>bk</name>
		<pose>Unspecified</pose>
		<truncated>0</truncated>
		<difficult>0</difficult>
		<bndbox>
			<xmin>25</xmin>
			<ymin>81</ymin>
			<xmax>117</xmax>
			<ymax>173</ymax>
		</bndbox>
	</object>
</annotation>
