<annotation>
	<folder>brick_kiln</folder>
	<filename>1076_30.54196167_72.99401833.jpg</filename>
	<path>E:\SPROJ\brick_kiln\1076_30.54196167_72.99401833.jpg</path>
	<source>
		<database>Unknown</database>
	</source>
	<size>
		<width>256</width>
		<height>256</height>
		<depth>3</depth>
	</size>
	<segmented>0</segmented>
	<object>
		<name>bk</name>
		<pose>Unspecified</pose>
		<truncated>0</truncated>
		<difficult>0</difficult>
		<bndbox>
			<xmin>126</xmin>
			<ymin>100</ymin>
			<xmax>170</xmax>
			<ymax>195</ymax>
		</bndbox>
	</object>
</annotation>
