<annotation>
	<folder>brick_kiln</folder>
	<filename>107_30.044335_72.324835.jpg</filename>
	<path>/home/usman/Documents/1 Senior/Sproj/latest/images_zoom17/brick_kiln/107_30.044335_72.324835.jpg</path>
	<source>
		<database>Unknown</database>
	</source>
	<size>
		<width>256</width>
		<height>256</height>
		<depth>3</depth>
	</size>
	<segmented>0</segmented>
	<object>
		<name>bk</name>
		<pose>Unspecified</pose>
		<truncated>0</truncated>
		<difficult>0</difficult>
		<bndbox>
			<xmin>76</xmin>
			<ymin>23</ymin>
			<xmax>139</xmax>
			<ymax>122</ymax>
		</bndbox>
	</object>
</annotation>
