<annotation>
	<folder>brick_kiln</folder>
	<filename>1081_31.03127559_74.02314719.jpg</filename>
	<path>E:\SPROJ\brick_kiln\1081_31.03127559_74.02314719.jpg</path>
	<source>
		<database>Unknown</database>
	</source>
	<size>
		<width>256</width>
		<height>256</height>
		<depth>3</depth>
	</size>
	<segmented>0</segmented>
	<object>
		<name>bk</name>
		<pose>Unspecified</pose>
		<truncated>0</truncated>
		<difficult>0</difficult>
		<bndbox>
			<xmin>72</xmin>
			<ymin>168</ymin>
			<xmax>184</xmax>
			<ymax>237</ymax>
		</bndbox>
	</object>
</annotation>
