<annotation>
	<folder>brick_kiln</folder>
	<filename>1086_29.24793043_72.57671839.jpg</filename>
	<path>E:\SPROJ\brick_kiln\1086_29.24793043_72.57671839.jpg</path>
	<source>
		<database>Unknown</database>
	</source>
	<size>
		<width>256</width>
		<height>256</height>
		<depth>3</depth>
	</size>
	<segmented>0</segmented>
	<object>
		<name>bk</name>
		<pose>Unspecified</pose>
		<truncated>0</truncated>
		<difficult>0</difficult>
		<bndbox>
			<xmin>140</xmin>
			<ymin>114</ymin>
			<xmax>212</xmax>
			<ymax>159</ymax>
		</bndbox>
	</object>
</annotation>
