<annotation>
	<folder>brick_kiln</folder>
	<filename>1092_32.30547871_74.53324433.jpg</filename>
	<path>E:\SPROJ\brick_kiln\1092_32.30547871_74.53324433.jpg</path>
	<source>
		<database>Unknown</database>
	</source>
	<size>
		<width>256</width>
		<height>256</height>
		<depth>3</depth>
	</size>
	<segmented>0</segmented>
	<object>
		<name>bk</name>
		<pose>Unspecified</pose>
		<truncated>0</truncated>
		<difficult>0</difficult>
		<bndbox>
			<xmin>38</xmin>
			<ymin>90</ymin>
			<xmax>136</xmax>
			<ymax>134</ymax>
		</bndbox>
	</object>
</annotation>
