<annotation>
	<folder>brick_kiln</folder>
	<filename>1110_28.4855_70.23561167.jpg</filename>
	<path>E:\SPROJ\brick_kiln\1110_28.4855_70.23561167.jpg</path>
	<source>
		<database>Unknown</database>
	</source>
	<size>
		<width>256</width>
		<height>256</height>
		<depth>3</depth>
	</size>
	<segmented>0</segmented>
	<object>
		<name>bk</name>
		<pose>Unspecified</pose>
		<truncated>0</truncated>
		<difficult>0</difficult>
		<bndbox>
			<xmin>114</xmin>
			<ymin>74</ymin>
			<xmax>222</xmax>
			<ymax>134</ymax>
		</bndbox>
	</object>
</annotation>
