<annotation>
	<folder>brick_kiln</folder>
	<filename>1128_30.11693337_73.3807262.jpg</filename>
	<path>E:\SPROJ\brick_kiln\1128_30.11693337_73.3807262.jpg</path>
	<source>
		<database>Unknown</database>
	</source>
	<size>
		<width>256</width>
		<height>256</height>
		<depth>3</depth>
	</size>
	<segmented>0</segmented>
	<object>
		<name>bk</name>
		<pose>Unspecified</pose>
		<truncated>0</truncated>
		<difficult>0</difficult>
		<bndbox>
			<xmin>134</xmin>
			<ymin>144</ymin>
			<xmax>170</xmax>
			<ymax>224</ymax>
		</bndbox>
	</object>
</annotation>
