<annotation>
	<folder>brick_kiln</folder>
	<filename>1129_32.466475_73.20994667.jpg</filename>
	<path>E:\SPROJ\brick_kiln\1129_32.466475_73.20994667.jpg</path>
	<source>
		<database>Unknown</database>
	</source>
	<size>
		<width>256</width>
		<height>256</height>
		<depth>3</depth>
	</size>
	<segmented>0</segmented>
	<object>
		<name>bk</name>
		<pose>Unspecified</pose>
		<truncated>0</truncated>
		<difficult>0</difficult>
		<bndbox>
			<xmin>60</xmin>
			<ymin>199</ymin>
			<xmax>140</xmax>
			<ymax>239</ymax>
		</bndbox>
	</object>
</annotation>
