<annotation>
	<folder>brick_kiln</folder>
	<filename>1134_32.45528333_73.75275833.jpg</filename>
	<path>E:\SPROJ\brick_kiln\1134_32.45528333_73.75275833.jpg</path>
	<source>
		<database>Unknown</database>
	</source>
	<size>
		<width>256</width>
		<height>256</height>
		<depth>3</depth>
	</size>
	<segmented>0</segmented>
	<object>
		<name>bk</name>
		<pose>Unspecified</pose>
		<truncated>0</truncated>
		<difficult>0</difficult>
		<bndbox>
			<xmin>100</xmin>
			<ymin>82</ymin>
			<xmax>180</xmax>
			<ymax>118</ymax>
		</bndbox>
	</object>
</annotation>
