<annotation>
	<folder>brick_kiln</folder>
	<filename>1154_30.90849307_74.23632491.jpg</filename>
	<path>E:\SPROJ\brick_kiln\1154_30.90849307_74.23632491.jpg</path>
	<source>
		<database>Unknown</database>
	</source>
	<size>
		<width>256</width>
		<height>256</height>
		<depth>3</depth>
	</size>
	<segmented>0</segmented>
	<object>
		<name>bk</name>
		<pose>Unspecified</pose>
		<truncated>0</truncated>
		<difficult>0</difficult>
		<bndbox>
			<xmin>72</xmin>
			<ymin>127</ymin>
			<xmax>106</xmax>
			<ymax>198</ymax>
		</bndbox>
	</object>
</annotation>
