<annotation>
	<folder>brick_kiln</folder>
	<filename>1156_32.04315089_72.79017591.jpg</filename>
	<path>E:\SPROJ\brick_kiln\1156_32.04315089_72.79017591.jpg</path>
	<source>
		<database>Unknown</database>
	</source>
	<size>
		<width>256</width>
		<height>256</height>
		<depth>3</depth>
	</size>
	<segmented>0</segmented>
	<object>
		<name>bk</name>
		<pose>Unspecified</pose>
		<truncated>0</truncated>
		<difficult>0</difficult>
		<bndbox>
			<xmin>72</xmin>
			<ymin>210</ymin>
			<xmax>138</xmax>
			<ymax>239</ymax>
		</bndbox>
	</object>
	<object>
		<name>bk</name>
		<pose>Unspecified</pose>
		<truncated>0</truncated>
		<difficult>0</difficult>
		<bndbox>
			<xmin>109</xmin>
			<ymin>147</ymin>
			<xmax>180</xmax>
			<ymax>206</ymax>
		</bndbox>
	</object>
</annotation>
