<annotation>
	<folder>brick_kiln</folder>
	<filename>1159_33.19406242_73.27670887.jpg</filename>
	<path>E:\SPROJ\brick_kiln\1159_33.19406242_73.27670887.jpg</path>
	<source>
		<database>Unknown</database>
	</source>
	<size>
		<width>256</width>
		<height>256</height>
		<depth>3</depth>
	</size>
	<segmented>0</segmented>
	<object>
		<name>bk</name>
		<pose>Unspecified</pose>
		<truncated>0</truncated>
		<difficult>0</difficult>
		<bndbox>
			<xmin>81</xmin>
			<ymin>66</ymin>
			<xmax>148</xmax>
			<ymax>126</ymax>
		</bndbox>
	</object>
</annotation>
