<annotation>
	<folder>brick_kiln</folder>
	<filename>1161_32.23513833_73.22733833.jpg</filename>
	<path>E:\SPROJ\brick_kiln\1161_32.23513833_73.22733833.jpg</path>
	<source>
		<database>Unknown</database>
	</source>
	<size>
		<width>256</width>
		<height>256</height>
		<depth>3</depth>
	</size>
	<segmented>0</segmented>
	<object>
		<name>bk</name>
		<pose>Unspecified</pose>
		<truncated>0</truncated>
		<difficult>0</difficult>
		<bndbox>
			<xmin>104</xmin>
			<ymin>78</ymin>
			<xmax>141</xmax>
			<ymax>144</ymax>
		</bndbox>
	</object>
</annotation>
