<annotation>
	<folder>brick_kiln</folder>
	<filename>1179_30.94641845_73.75892565.jpg</filename>
	<path>E:\SPROJ\brick_kiln\1179_30.94641845_73.75892565.jpg</path>
	<source>
		<database>Unknown</database>
	</source>
	<size>
		<width>256</width>
		<height>256</height>
		<depth>3</depth>
	</size>
	<segmented>0</segmented>
	<object>
		<name>bk</name>
		<pose>Unspecified</pose>
		<truncated>0</truncated>
		<difficult>0</difficult>
		<bndbox>
			<xmin>130</xmin>
			<ymin>95</ymin>
			<xmax>214</xmax>
			<ymax>134</ymax>
		</bndbox>
	</object>
</annotation>
