<annotation>
	<folder>brick_kiln</folder>
	<filename>1182_32.36459667_72.99277333.jpg</filename>
	<path>E:\SPROJ\brick_kiln\1182_32.36459667_72.99277333.jpg</path>
	<source>
		<database>Unknown</database>
	</source>
	<size>
		<width>256</width>
		<height>256</height>
		<depth>3</depth>
	</size>
	<segmented>0</segmented>
	<object>
		<name>bk</name>
		<pose>Unspecified</pose>
		<truncated>0</truncated>
		<difficult>0</difficult>
		<bndbox>
			<xmin>107</xmin>
			<ymin>76</ymin>
			<xmax>170</xmax>
			<ymax>149</ymax>
		</bndbox>
	</object>
</annotation>
