<annotation>
	<folder>brick_kiln</folder>
	<filename>1189_31.41443_74.50176.jpg</filename>
	<path>E:\SPROJ\brick_kiln\1189_31.41443_74.50176.jpg</path>
	<source>
		<database>Unknown</database>
	</source>
	<size>
		<width>256</width>
		<height>256</height>
		<depth>3</depth>
	</size>
	<segmented>0</segmented>
	<object>
		<name>bk</name>
		<pose>Unspecified</pose>
		<truncated>1</truncated>
		<difficult>0</difficult>
		<bndbox>
			<xmin>1</xmin>
			<ymin>66</ymin>
			<xmax>112</xmax>
			<ymax>118</ymax>
		</bndbox>
	</object>
</annotation>
