<annotation>
	<folder>brick_kiln</folder>
	<filename>1207_32.17384756_74.10238415.jpg</filename>
	<path>E:\SPROJ\brick_kiln\1207_32.17384756_74.10238415.jpg</path>
	<source>
		<database>Unknown</database>
	</source>
	<size>
		<width>256</width>
		<height>256</height>
		<depth>3</depth>
	</size>
	<segmented>0</segmented>
	<object>
		<name>bk</name>
		<pose>Unspecified</pose>
		<truncated>0</truncated>
		<difficult>0</difficult>
		<bndbox>
			<xmin>38</xmin>
			<ymin>135</ymin>
			<xmax>119</xmax>
			<ymax>176</ymax>
		</bndbox>
	</object>
	<object>
		<name>bk</name>
		<pose>Unspecified</pose>
		<truncated>0</truncated>
		<difficult>0</difficult>
		<bndbox>
			<xmin>40</xmin>
			<ymin>194</ymin>
			<xmax>125</xmax>
			<ymax>236</ymax>
		</bndbox>
	</object>
</annotation>
