<annotation>
	<folder>brick_kiln</folder>
	<filename>1226_33.42834718_73.18609975.jpg</filename>
	<path>E:\SPROJ\brick_kiln\1226_33.42834718_73.18609975.jpg</path>
	<source>
		<database>Unknown</database>
	</source>
	<size>
		<width>256</width>
		<height>256</height>
		<depth>3</depth>
	</size>
	<segmented>0</segmented>
	<object>
		<name>bk</name>
		<pose>Unspecified</pose>
		<truncated>0</truncated>
		<difficult>0</difficult>
		<bndbox>
			<xmin>141</xmin>
			<ymin>103</ymin>
			<xmax>209</xmax>
			<ymax>182</ymax>
		</bndbox>
	</object>
</annotation>
