<annotation>
	<folder>brick_kiln</folder>
	<filename>1235_29.82522101_72.81987846.jpg</filename>
	<path>E:\SPROJ\brick_kiln\1235_29.82522101_72.81987846.jpg</path>
	<source>
		<database>Unknown</database>
	</source>
	<size>
		<width>256</width>
		<height>256</height>
		<depth>3</depth>
	</size>
	<segmented>0</segmented>
	<object>
		<name>bk</name>
		<pose>Unspecified</pose>
		<truncated>0</truncated>
		<difficult>0</difficult>
		<bndbox>
			<xmin>6</xmin>
			<ymin>37</ymin>
			<xmax>81</xmax>
			<ymax>113</ymax>
		</bndbox>
	</object>
	<object>
		<name>bk</name>
		<pose>Unspecified</pose>
		<truncated>0</truncated>
		<difficult>0</difficult>
		<bndbox>
			<xmin>179</xmin>
			<ymin>24</ymin>
			<xmax>255</xmax>
			<ymax>72</ymax>
		</bndbox>
	</object>
</annotation>
