<annotation>
	<folder>brick_kiln</folder>
	<filename>1242_32.44395061_73.53367044.jpg</filename>
	<path>E:\SPROJ\brick_kiln\1242_32.44395061_73.53367044.jpg</path>
	<source>
		<database>Unknown</database>
	</source>
	<size>
		<width>256</width>
		<height>256</height>
		<depth>3</depth>
	</size>
	<segmented>0</segmented>
	<object>
		<name>bk</name>
		<pose>Unspecified</pose>
		<truncated>0</truncated>
		<difficult>0</difficult>
		<bndbox>
			<xmin>113</xmin>
			<ymin>24</ymin>
			<xmax>158</xmax>
			<ymax>113</ymax>
		</bndbox>
	</object>
</annotation>
