<annotation>
	<folder>brick_kiln</folder>
	<filename>1257_31.14835167_74.08912.jpg</filename>
	<path>E:\SPROJ\brick_kiln\1257_31.14835167_74.08912.jpg</path>
	<source>
		<database>Unknown</database>
	</source>
	<size>
		<width>256</width>
		<height>256</height>
		<depth>3</depth>
	</size>
	<segmented>0</segmented>
	<object>
		<name>bk</name>
		<pose>Unspecified</pose>
		<truncated>0</truncated>
		<difficult>0</difficult>
		<bndbox>
			<xmin>84</xmin>
			<ymin>136</ymin>
			<xmax>179</xmax>
			<ymax>183</ymax>
		</bndbox>
	</object>
</annotation>
