<annotation>
	<folder>brick_kiln</folder>
	<filename>1267_31.27259333_72.76969167.jpg</filename>
	<path>E:\SPROJ\brick_kiln\1267_31.27259333_72.76969167.jpg</path>
	<source>
		<database>Unknown</database>
	</source>
	<size>
		<width>256</width>
		<height>256</height>
		<depth>3</depth>
	</size>
	<segmented>0</segmented>
	<object>
		<name>bk</name>
		<pose>Unspecified</pose>
		<truncated>0</truncated>
		<difficult>0</difficult>
		<bndbox>
			<xmin>60</xmin>
			<ymin>152</ymin>
			<xmax>123</xmax>
			<ymax>224</ymax>
		</bndbox>
	</object>
</annotation>
