<annotation>
	<folder>brick_kiln</folder>
	<filename>1286_28.69934253_69.94827144.jpg</filename>
	<path>E:\SPROJ\brick_kiln\1286_28.69934253_69.94827144.jpg</path>
	<source>
		<database>Unknown</database>
	</source>
	<size>
		<width>256</width>
		<height>256</height>
		<depth>3</depth>
	</size>
	<segmented>0</segmented>
	<object>
		<name>bk</name>
		<pose>Unspecified</pose>
		<truncated>0</truncated>
		<difficult>0</difficult>
		<bndbox>
			<xmin>117</xmin>
			<ymin>78</ymin>
			<xmax>196</xmax>
			<ymax>128</ymax>
		</bndbox>
	</object>
</annotation>
