<annotation>
	<folder>brick_kiln</folder>
	<filename>1287_30.05787167_71.65367.jpg</filename>
	<path>E:\SPROJ\brick_kiln\1287_30.05787167_71.65367.jpg</path>
	<source>
		<database>Unknown</database>
	</source>
	<size>
		<width>256</width>
		<height>256</height>
		<depth>3</depth>
	</size>
	<segmented>0</segmented>
	<object>
		<name>bk</name>
		<pose>Unspecified</pose>
		<truncated>0</truncated>
		<difficult>0</difficult>
		<bndbox>
			<xmin>92</xmin>
			<ymin>132</ymin>
			<xmax>134</xmax>
			<ymax>221</ymax>
		</bndbox>
	</object>
</annotation>
