<annotation>
	<folder>brick_kiln</folder>
	<filename>12_28.40510932_70.2564075.jpg</filename>
	<path>/home/usman/Documents/1 Senior/Sproj/latest/images_zoom17/brick_kiln/12_28.40510932_70.2564075.jpg</path>
	<source>
		<database>Unknown</database>
	</source>
	<size>
		<width>256</width>
		<height>256</height>
		<depth>3</depth>
	</size>
	<segmented>0</segmented>
	<object>
		<name>bk</name>
		<pose>Unspecified</pose>
		<truncated>0</truncated>
		<difficult>0</difficult>
		<bndbox>
			<xmin>32</xmin>
			<ymin>59</ymin>
			<xmax>143</xmax>
			<ymax>120</ymax>
		</bndbox>
	</object>
</annotation>
