<annotation>
	<folder>brick_kiln</folder>
	<filename>1303_29.823445_71.72790167.jpg</filename>
	<path>E:\SPROJ\brick_kiln\1303_29.823445_71.72790167.jpg</path>
	<source>
		<database>Unknown</database>
	</source>
	<size>
		<width>256</width>
		<height>256</height>
		<depth>3</depth>
	</size>
	<segmented>0</segmented>
	<object>
		<name>bk</name>
		<pose>Unspecified</pose>
		<truncated>0</truncated>
		<difficult>0</difficult>
		<bndbox>
			<xmin>142</xmin>
			<ymin>94</ymin>
			<xmax>211</xmax>
			<ymax>122</ymax>
		</bndbox>
	</object>
</annotation>
