<annotation>
	<folder>brick_kiln</folder>
	<filename>1315_33.81259822_72.5351204.jpg</filename>
	<path>E:\SPROJ\brick_kiln\1315_33.81259822_72.5351204.jpg</path>
	<source>
		<database>Unknown</database>
	</source>
	<size>
		<width>256</width>
		<height>256</height>
		<depth>3</depth>
	</size>
	<segmented>0</segmented>
	<object>
		<name>bk</name>
		<pose>Unspecified</pose>
		<truncated>0</truncated>
		<difficult>0</difficult>
		<bndbox>
			<xmin>70</xmin>
			<ymin>100</ymin>
			<xmax>122</xmax>
			<ymax>186</ymax>
		</bndbox>
	</object>
</annotation>
