<annotation>
	<folder>brick_kiln</folder>
	<filename>1323_31.23383167_70.94677833.jpg</filename>
	<path>E:\SPROJ\brick_kiln\1323_31.23383167_70.94677833.jpg</path>
	<source>
		<database>Unknown</database>
	</source>
	<size>
		<width>256</width>
		<height>256</height>
		<depth>3</depth>
	</size>
	<segmented>0</segmented>
	<object>
		<name>bk</name>
		<pose>Unspecified</pose>
		<truncated>0</truncated>
		<difficult>0</difficult>
		<bndbox>
			<xmin>84</xmin>
			<ymin>138</ymin>
			<xmax>130</xmax>
			<ymax>213</ymax>
		</bndbox>
	</object>
</annotation>
