<annotation>
	<folder>brick_kiln</folder>
	<filename>1327_31.36676_72.81608667.jpg</filename>
	<path>E:\SPROJ\brick_kiln\1327_31.36676_72.81608667.jpg</path>
	<source>
		<database>Unknown</database>
	</source>
	<size>
		<width>256</width>
		<height>256</height>
		<depth>3</depth>
	</size>
	<segmented>0</segmented>
	<object>
		<name>bk</name>
		<pose>Unspecified</pose>
		<truncated>0</truncated>
		<difficult>0</difficult>
		<bndbox>
			<xmin>73</xmin>
			<ymin>136</ymin>
			<xmax>149</xmax>
			<ymax>217</ymax>
		</bndbox>
	</object>
</annotation>
