<annotation>
	<folder>brick_kiln</folder>
	<filename>1329_32.32907697_74.40469071.jpg</filename>
	<path>E:\SPROJ\brick_kiln\1329_32.32907697_74.40469071.jpg</path>
	<source>
		<database>Unknown</database>
	</source>
	<size>
		<width>256</width>
		<height>256</height>
		<depth>3</depth>
	</size>
	<segmented>0</segmented>
	<object>
		<name>bk</name>
		<pose>Unspecified</pose>
		<truncated>0</truncated>
		<difficult>0</difficult>
		<bndbox>
			<xmin>78</xmin>
			<ymin>98</ymin>
			<xmax>162</xmax>
			<ymax>142</ymax>
		</bndbox>
	</object>
</annotation>
