<annotation>
	<folder>brick_kiln</folder>
	<filename>1341_32.66608026_73.95615179.jpg</filename>
	<path>E:\SPROJ\brick_kiln\1341_32.66608026_73.95615179.jpg</path>
	<source>
		<database>Unknown</database>
	</source>
	<size>
		<width>256</width>
		<height>256</height>
		<depth>3</depth>
	</size>
	<segmented>0</segmented>
	<object>
		<name>bk</name>
		<pose>Unspecified</pose>
		<truncated>0</truncated>
		<difficult>0</difficult>
		<bndbox>
			<xmin>114</xmin>
			<ymin>108</ymin>
			<xmax>172</xmax>
			<ymax>161</ymax>
		</bndbox>
	</object>
</annotation>
