<annotation>
	<folder>brick_kiln</folder>
	<filename>1344_32.94172667_72.87944167.jpg</filename>
	<path>E:\SPROJ\brick_kiln\1344_32.94172667_72.87944167.jpg</path>
	<source>
		<database>Unknown</database>
	</source>
	<size>
		<width>256</width>
		<height>256</height>
		<depth>3</depth>
	</size>
	<segmented>0</segmented>
	<object>
		<name>bk</name>
		<pose>Unspecified</pose>
		<truncated>0</truncated>
		<difficult>0</difficult>
		<bndbox>
			<xmin>130</xmin>
			<ymin>56</ymin>
			<xmax>199</xmax>
			<ymax>133</ymax>
		</bndbox>
	</object>
</annotation>
