<annotation>
	<folder>brick_kiln</folder>
	<filename>1361_31.23901667_70.92228.jpg</filename>
	<path>E:\SPROJ\brick_kiln\1361_31.23901667_70.92228.jpg</path>
	<source>
		<database>Unknown</database>
	</source>
	<size>
		<width>256</width>
		<height>256</height>
		<depth>3</depth>
	</size>
	<segmented>0</segmented>
	<object>
		<name>bk</name>
		<pose>Unspecified</pose>
		<truncated>0</truncated>
		<difficult>0</difficult>
		<bndbox>
			<xmin>128</xmin>
			<ymin>126</ymin>
			<xmax>223</xmax>
			<ymax>175</ymax>
		</bndbox>
	</object>
</annotation>
