<annotation>
	<folder>brick_kiln</folder>
	<filename>1384_33.81733459_72.54223987.jpg</filename>
	<path>E:\SPROJ\brick_kiln\1384_33.81733459_72.54223987.jpg</path>
	<source>
		<database>Unknown</database>
	</source>
	<size>
		<width>256</width>
		<height>256</height>
		<depth>3</depth>
	</size>
	<segmented>0</segmented>
	<object>
		<name>bk</name>
		<pose>Unspecified</pose>
		<truncated>0</truncated>
		<difficult>0</difficult>
		<bndbox>
			<xmin>62</xmin>
			<ymin>43</ymin>
			<xmax>144</xmax>
			<ymax>124</ymax>
		</bndbox>
	</object>
</annotation>
