<annotation>
	<folder>brick_kiln</folder>
	<filename>1403_30.88951735_72.42935569.jpg</filename>
	<path>E:\SPROJ\brick_kiln\1403_30.88951735_72.42935569.jpg</path>
	<source>
		<database>Unknown</database>
	</source>
	<size>
		<width>256</width>
		<height>256</height>
		<depth>3</depth>
	</size>
	<segmented>0</segmented>
	<object>
		<name>bk</name>
		<pose>Unspecified</pose>
		<truncated>0</truncated>
		<difficult>0</difficult>
		<bndbox>
			<xmin>128</xmin>
			<ymin>113</ymin>
			<xmax>193</xmax>
			<ymax>171</ymax>
		</bndbox>
	</object>
</annotation>
