<annotation>
	<folder>brick_kiln</folder>
	<filename>143_30.29527905_71.95827955.jpg</filename>
	<path>/home/usman/Documents/1 Senior/Sproj/latest/images_zoom17/brick_kiln/143_30.29527905_71.95827955.jpg</path>
	<source>
		<database>Unknown</database>
	</source>
	<size>
		<width>256</width>
		<height>256</height>
		<depth>3</depth>
	</size>
	<segmented>0</segmented>
	<object>
		<name>bk</name>
		<pose>Unspecified</pose>
		<truncated>0</truncated>
		<difficult>0</difficult>
		<bndbox>
			<xmin>133</xmin>
			<ymin>65</ymin>
			<xmax>173</xmax>
			<ymax>150</ymax>
		</bndbox>
	</object>
</annotation>
