<annotation>
	<folder>brick_kiln_imagery_0053_2</folder>
	<filename>1451_30.02151421_72.41235263.jpg</filename>
	<path>E:\SPROJ\brick_kiln_imagery_0053_2\1451_30.02151421_72.41235263.jpg</path>
	<source>
		<database>Unknown</database>
	</source>
	<size>
		<width>256</width>
		<height>256</height>
		<depth>3</depth>
	</size>
	<segmented>0</segmented>
	<object>
		<name>bk</name>
		<pose>Unspecified</pose>
		<truncated>0</truncated>
		<difficult>0</difficult>
		<bndbox>
			<xmin>64</xmin>
			<ymin>152</ymin>
			<xmax>101</xmax>
			<ymax>237</ymax>
		</bndbox>
	</object>
	<object>
		<name>bk</name>
		<pose>Unspecified</pose>
		<truncated>0</truncated>
		<difficult>0</difficult>
		<bndbox>
			<xmin>133</xmin>
			<ymin>150</ymin>
			<xmax>165</xmax>
			<ymax>234</ymax>
		</bndbox>
	</object>
</annotation>
