<annotation>
	<folder>brick_kiln_imagery_0053_2</folder>
	<filename>1467_32.09422167_72.26383.jpg</filename>
	<path>E:\SPROJ\brick_kiln_imagery_0053_2\1467_32.09422167_72.26383.jpg</path>
	<source>
		<database>Unknown</database>
	</source>
	<size>
		<width>256</width>
		<height>256</height>
		<depth>3</depth>
	</size>
	<segmented>0</segmented>
	<object>
		<name>bk</name>
		<pose>Unspecified</pose>
		<truncated>0</truncated>
		<difficult>0</difficult>
		<bndbox>
			<xmin>73</xmin>
			<ymin>32</ymin>
			<xmax>137</xmax>
			<ymax>100</ymax>
		</bndbox>
	</object>
</annotation>
