<annotation>
	<folder>brick_kiln_imagery_0053_2</folder>
	<filename>1483_32.09231941_72.2659568.jpg</filename>
	<path>E:\SPROJ\brick_kiln_imagery_0053_2\1483_32.09231941_72.2659568.jpg</path>
	<source>
		<database>Unknown</database>
	</source>
	<size>
		<width>256</width>
		<height>256</height>
		<depth>3</depth>
	</size>
	<segmented>0</segmented>
	<object>
		<name>bk</name>
		<pose>Unspecified</pose>
		<truncated>0</truncated>
		<difficult>0</difficult>
		<bndbox>
			<xmin>64</xmin>
			<ymin>28</ymin>
			<xmax>132</xmax>
			<ymax>104</ymax>
		</bndbox>
	</object>
</annotation>
