<annotation>
	<folder>brick_kiln_imagery_0053_2</folder>
	<filename>1489_31.71713286_73.56460367.jpg</filename>
	<path>E:\SPROJ\brick_kiln_imagery_0053_2\1489_31.71713286_73.56460367.jpg</path>
	<source>
		<database>Unknown</database>
	</source>
	<size>
		<width>256</width>
		<height>256</height>
		<depth>3</depth>
	</size>
	<segmented>0</segmented>
	<object>
		<name>bk</name>
		<pose>Unspecified</pose>
		<truncated>0</truncated>
		<difficult>0</difficult>
		<bndbox>
			<xmin>28</xmin>
			<ymin>104</ymin>
			<xmax>108</xmax>
			<ymax>165</ymax>
		</bndbox>
	</object>
</annotation>
