<annotation>
	<folder>brick_kiln</folder>
	<filename>14_28.40619393_70.24343628.jpg</filename>
	<path>/home/usman/Documents/1 Senior/Sproj/latest/images_zoom17/brick_kiln/14_28.40619393_70.24343628.jpg</path>
	<source>
		<database>Unknown</database>
	</source>
	<size>
		<width>256</width>
		<height>256</height>
		<depth>3</depth>
	</size>
	<segmented>0</segmented>
	<object>
		<name>bk</name>
		<pose>Unspecified</pose>
		<truncated>0</truncated>
		<difficult>0</difficult>
		<bndbox>
			<xmin>34</xmin>
			<ymin>89</ymin>
			<xmax>116</xmax>
			<ymax>130</ymax>
		</bndbox>
	</object>
</annotation>
