<annotation>
	<folder>brick_kiln_imagery_0053_2</folder>
	<filename>1519_31.24272527_73.03021761.jpg</filename>
	<path>E:\SPROJ\brick_kiln_imagery_0053_2\1519_31.24272527_73.03021761.jpg</path>
	<source>
		<database>Unknown</database>
	</source>
	<size>
		<width>256</width>
		<height>256</height>
		<depth>3</depth>
	</size>
	<segmented>0</segmented>
	<object>
		<name>bk</name>
		<pose>Unspecified</pose>
		<truncated>0</truncated>
		<difficult>0</difficult>
		<bndbox>
			<xmin>124</xmin>
			<ymin>44</ymin>
			<xmax>196</xmax>
			<ymax>115</ymax>
		</bndbox>
	</object>
</annotation>
