<annotation>
	<folder>brick_kiln_imagery_0053_2</folder>
	<filename>1520_32.26576336_74.85855127.jpg</filename>
	<path>E:\SPROJ\brick_kiln_imagery_0053_2\1520_32.26576336_74.85855127.jpg</path>
	<source>
		<database>Unknown</database>
	</source>
	<size>
		<width>256</width>
		<height>256</height>
		<depth>3</depth>
	</size>
	<segmented>0</segmented>
	<object>
		<name>bk</name>
		<pose>Unspecified</pose>
		<truncated>0</truncated>
		<difficult>0</difficult>
		<bndbox>
			<xmin>101</xmin>
			<ymin>124</ymin>
			<xmax>181</xmax>
			<ymax>164</ymax>
		</bndbox>
	</object>
</annotation>
