<annotation>
	<folder>brick_kiln_imagery_0053_2</folder>
	<filename>1522_29.24163333_71.37008167.jpg</filename>
	<path>E:\SPROJ\brick_kiln_imagery_0053_2\1522_29.24163333_71.37008167.jpg</path>
	<source>
		<database>Unknown</database>
	</source>
	<size>
		<width>256</width>
		<height>256</height>
		<depth>3</depth>
	</size>
	<segmented>0</segmented>
	<object>
		<name>bk</name>
		<pose>Unspecified</pose>
		<truncated>0</truncated>
		<difficult>0</difficult>
		<bndbox>
			<xmin>52</xmin>
			<ymin>113</ymin>
			<xmax>85</xmax>
			<ymax>186</ymax>
		</bndbox>
	</object>
</annotation>
