<annotation>
	<folder>brick_kiln_imagery_0053_2</folder>
	<filename>1526_31.13331667_74.107675.jpg</filename>
	<path>E:\SPROJ\brick_kiln_imagery_0053_2\1526_31.13331667_74.107675.jpg</path>
	<source>
		<database>Unknown</database>
	</source>
	<size>
		<width>256</width>
		<height>256</height>
		<depth>3</depth>
	</size>
	<segmented>0</segmented>
	<object>
		<name>bk</name>
		<pose>Unspecified</pose>
		<truncated>0</truncated>
		<difficult>0</difficult>
		<bndbox>
			<xmin>25</xmin>
			<ymin>121</ymin>
			<xmax>118</xmax>
			<ymax>155</ymax>
		</bndbox>
	</object>
</annotation>
