<annotation>
	<folder>brick_kiln_imagery_0053_2</folder>
	<filename>1546_29.75619742_72.10587207.jpg</filename>
	<path>E:\SPROJ\brick_kiln_imagery_0053_2\1546_29.75619742_72.10587207.jpg</path>
	<source>
		<database>Unknown</database>
	</source>
	<size>
		<width>256</width>
		<height>256</height>
		<depth>3</depth>
	</size>
	<segmented>0</segmented>
	<object>
		<name>bk</name>
		<pose>Unspecified</pose>
		<truncated>0</truncated>
		<difficult>0</difficult>
		<bndbox>
			<xmin>6</xmin>
			<ymin>112</ymin>
			<xmax>79</xmax>
			<ymax>167</ymax>
		</bndbox>
	</object>
</annotation>
