<annotation>
	<folder>brick_kiln_imagery_0053_2</folder>
	<filename>1547_30.16536349_73.06977302.jpg</filename>
	<path>E:\SPROJ\brick_kiln_imagery_0053_2\1547_30.16536349_73.06977302.jpg</path>
	<source>
		<database>Unknown</database>
	</source>
	<size>
		<width>256</width>
		<height>256</height>
		<depth>3</depth>
	</size>
	<segmented>0</segmented>
	<object>
		<name>bk</name>
		<pose>Unspecified</pose>
		<truncated>0</truncated>
		<difficult>0</difficult>
		<bndbox>
			<xmin>86</xmin>
			<ymin>90</ymin>
			<xmax>121</xmax>
			<ymax>159</ymax>
		</bndbox>
	</object>
</annotation>
