<annotation>
	<folder>brick_kiln_imagery_0053_2</folder>
	<filename>1555_30.36705593_73.37473051.jpg</filename>
	<path>E:\SPROJ\brick_kiln_imagery_0053_2\1555_30.36705593_73.37473051.jpg</path>
	<source>
		<database>Unknown</database>
	</source>
	<size>
		<width>256</width>
		<height>256</height>
		<depth>3</depth>
	</size>
	<segmented>0</segmented>
	<object>
		<name>bk</name>
		<pose>Unspecified</pose>
		<truncated>0</truncated>
		<difficult>0</difficult>
		<bndbox>
			<xmin>79</xmin>
			<ymin>55</ymin>
			<xmax>116</xmax>
			<ymax>133</ymax>
		</bndbox>
	</object>
</annotation>
