<annotation>
	<folder>brick_kiln_imagery_0053_2</folder>
	<filename>1574_32.39574167_74.74208833.jpg</filename>
	<path>E:\SPROJ\brick_kiln_imagery_0053_2\1574_32.39574167_74.74208833.jpg</path>
	<source>
		<database>Unknown</database>
	</source>
	<size>
		<width>256</width>
		<height>256</height>
		<depth>3</depth>
	</size>
	<segmented>0</segmented>
	<object>
		<name>bk</name>
		<pose>Unspecified</pose>
		<truncated>0</truncated>
		<difficult>0</difficult>
		<bndbox>
			<xmin>114</xmin>
			<ymin>120</ymin>
			<xmax>186</xmax>
			<ymax>152</ymax>
		</bndbox>
	</object>
</annotation>
