<annotation>
	<folder>brick_kiln_imagery_0053_2</folder>
	<filename>1576_30.29709167_73.33041667.jpg</filename>
	<path>E:\SPROJ\brick_kiln_imagery_0053_2\1576_30.29709167_73.33041667.jpg</path>
	<source>
		<database>Unknown</database>
	</source>
	<size>
		<width>256</width>
		<height>256</height>
		<depth>3</depth>
	</size>
	<segmented>0</segmented>
	<object>
		<name>bk</name>
		<pose>Unspecified</pose>
		<truncated>0</truncated>
		<difficult>0</difficult>
		<bndbox>
			<xmin>104</xmin>
			<ymin>116</ymin>
			<xmax>182</xmax>
			<ymax>148</ymax>
		</bndbox>
	</object>
</annotation>
