<annotation>
	<folder>brick_kiln_imagery_0053_2</folder>
	<filename>1605_30.92463967_73.32446364.jpg</filename>
	<path>E:\SPROJ\brick_kiln_imagery_0053_2\1605_30.92463967_73.32446364.jpg</path>
	<source>
		<database>Unknown</database>
	</source>
	<size>
		<width>256</width>
		<height>256</height>
		<depth>3</depth>
	</size>
	<segmented>0</segmented>
	<object>
		<name>bk</name>
		<pose>Unspecified</pose>
		<truncated>0</truncated>
		<difficult>0</difficult>
		<bndbox>
			<xmin>96</xmin>
			<ymin>47</ymin>
			<xmax>128</xmax>
			<ymax>127</ymax>
		</bndbox>
	</object>
</annotation>
