<annotation>
	<folder>brick_kiln_imagery_0053_2</folder>
	<filename>1606_32.12500333_73.97917833.jpg</filename>
	<path>E:\SPROJ\brick_kiln_imagery_0053_2\1606_32.12500333_73.97917833.jpg</path>
	<source>
		<database>Unknown</database>
	</source>
	<size>
		<width>256</width>
		<height>256</height>
		<depth>3</depth>
	</size>
	<segmented>0</segmented>
	<object>
		<name>bk</name>
		<pose>Unspecified</pose>
		<truncated>0</truncated>
		<difficult>0</difficult>
		<bndbox>
			<xmin>84</xmin>
			<ymin>52</ymin>
			<xmax>121</xmax>
			<ymax>140</ymax>
		</bndbox>
	</object>
</annotation>
