<annotation>
	<folder>brick_kiln_imagery_0053_2</folder>
	<filename>1607_32.6694565_74.17174695.jpg</filename>
	<path>E:\SPROJ\brick_kiln_imagery_0053_2\1607_32.6694565_74.17174695.jpg</path>
	<source>
		<database>Unknown</database>
	</source>
	<size>
		<width>256</width>
		<height>256</height>
		<depth>3</depth>
	</size>
	<segmented>0</segmented>
	<object>
		<name>bk</name>
		<pose>Unspecified</pose>
		<truncated>0</truncated>
		<difficult>0</difficult>
		<bndbox>
			<xmin>140</xmin>
			<ymin>110</ymin>
			<xmax>220</xmax>
			<ymax>163</ymax>
		</bndbox>
	</object>
</annotation>
