<annotation>
	<folder>brick_kiln_imagery_0053_2</folder>
	<filename>1629_30.71523058_72.63603321.jpg</filename>
	<path>E:\SPROJ\brick_kiln_imagery_0053_2\1629_30.71523058_72.63603321.jpg</path>
	<source>
		<database>Unknown</database>
	</source>
	<size>
		<width>256</width>
		<height>256</height>
		<depth>3</depth>
	</size>
	<segmented>0</segmented>
	<object>
		<name>bk</name>
		<pose>Unspecified</pose>
		<truncated>0</truncated>
		<difficult>0</difficult>
		<bndbox>
			<xmin>15</xmin>
			<ymin>141</ymin>
			<xmax>87</xmax>
			<ymax>180</ymax>
		</bndbox>
	</object>
</annotation>
