<annotation>
	<folder>brick_kiln_imagery_0053_2</folder>
	<filename>1642_32.80179743_74.05113802.jpg</filename>
	<path>E:\SPROJ\brick_kiln_imagery_0053_2\1642_32.80179743_74.05113802.jpg</path>
	<source>
		<database>Unknown</database>
	</source>
	<size>
		<width>256</width>
		<height>256</height>
		<depth>3</depth>
	</size>
	<segmented>0</segmented>
	<object>
		<name>bk</name>
		<pose>Unspecified</pose>
		<truncated>0</truncated>
		<difficult>0</difficult>
		<bndbox>
			<xmin>126</xmin>
			<ymin>139</ymin>
			<xmax>174</xmax>
			<ymax>214</ymax>
		</bndbox>
	</object>
</annotation>
