<annotation>
	<folder>brick_kiln_imagery_0053_2</folder>
	<filename>1650_30.36724003_72.74504134.jpg</filename>
	<path>E:\SPROJ\brick_kiln_imagery_0053_2\1650_30.36724003_72.74504134.jpg</path>
	<source>
		<database>Unknown</database>
	</source>
	<size>
		<width>256</width>
		<height>256</height>
		<depth>3</depth>
	</size>
	<segmented>0</segmented>
	<object>
		<name>bk</name>
		<pose>Unspecified</pose>
		<truncated>0</truncated>
		<difficult>0</difficult>
		<bndbox>
			<xmin>78</xmin>
			<ymin>112</ymin>
			<xmax>156</xmax>
			<ymax>154</ymax>
		</bndbox>
	</object>
</annotation>
