<annotation>
	<folder>brick_kiln_imagery_0053_2</folder>
	<filename>1657_32.39670649_73.18103171.jpg</filename>
	<path>E:\SPROJ\brick_kiln_imagery_0053_2\1657_32.39670649_73.18103171.jpg</path>
	<source>
		<database>Unknown</database>
	</source>
	<size>
		<width>256</width>
		<height>256</height>
		<depth>3</depth>
	</size>
	<segmented>0</segmented>
	<object>
		<name>bk</name>
		<pose>Unspecified</pose>
		<truncated>0</truncated>
		<difficult>0</difficult>
		<bndbox>
			<xmin>113</xmin>
			<ymin>107</ymin>
			<xmax>151</xmax>
			<ymax>180</ymax>
		</bndbox>
	</object>
</annotation>
