<annotation>
	<folder>brick_kiln_imagery_0053_2</folder>
	<filename>1659_30.63173496_73.091016.jpg</filename>
	<path>E:\SPROJ\brick_kiln_imagery_0053_2\1659_30.63173496_73.091016.jpg</path>
	<source>
		<database>Unknown</database>
	</source>
	<size>
		<width>256</width>
		<height>256</height>
		<depth>3</depth>
	</size>
	<segmented>0</segmented>
	<object>
		<name>bk</name>
		<pose>Unspecified</pose>
		<truncated>0</truncated>
		<difficult>0</difficult>
		<bndbox>
			<xmin>38</xmin>
			<ymin>84</ymin>
			<xmax>131</xmax>
			<ymax>117</ymax>
		</bndbox>
	</object>
</annotation>
