<annotation>
	<folder>brick_kiln_imagery_0053_2</folder>
	<filename>1673_31.51322656_73.33845269.jpg</filename>
	<path>E:\SPROJ\brick_kiln_imagery_0053_2\1673_31.51322656_73.33845269.jpg</path>
	<source>
		<database>Unknown</database>
	</source>
	<size>
		<width>256</width>
		<height>256</height>
		<depth>3</depth>
	</size>
	<segmented>0</segmented>
	<object>
		<name>bk</name>
		<pose>Unspecified</pose>
		<truncated>0</truncated>
		<difficult>0</difficult>
		<bndbox>
			<xmin>89</xmin>
			<ymin>120</ymin>
			<xmax>163</xmax>
			<ymax>189</ymax>
		</bndbox>
	</object>
</annotation>
