<annotation>
	<folder>brick_kiln_imagery_0053_2</folder>
	<filename>1676_31.75966599_73.95596515.jpg</filename>
	<path>E:\SPROJ\brick_kiln_imagery_0053_2\1676_31.75966599_73.95596515.jpg</path>
	<source>
		<database>Unknown</database>
	</source>
	<size>
		<width>256</width>
		<height>256</height>
		<depth>3</depth>
	</size>
	<segmented>0</segmented>
	<object>
		<name>bk</name>
		<pose>Unspecified</pose>
		<truncated>0</truncated>
		<difficult>0</difficult>
		<bndbox>
			<xmin>107</xmin>
			<ymin>145</ymin>
			<xmax>146</xmax>
			<ymax>238</ymax>
		</bndbox>
	</object>
</annotation>
