<annotation>
	<folder>brick_kiln_imagery_0053_2</folder>
	<filename>1677_31.77581504_74.12355864.jpg</filename>
	<path>E:\SPROJ\brick_kiln_imagery_0053_2\1677_31.77581504_74.12355864.jpg</path>
	<source>
		<database>Unknown</database>
	</source>
	<size>
		<width>256</width>
		<height>256</height>
		<depth>3</depth>
	</size>
	<segmented>0</segmented>
	<object>
		<name>bk</name>
		<pose>Unspecified</pose>
		<truncated>0</truncated>
		<difficult>0</difficult>
		<bndbox>
			<xmin>134</xmin>
			<ymin>70</ymin>
			<xmax>219</xmax>
			<ymax>112</ymax>
		</bndbox>
	</object>
</annotation>
