<annotation>
	<folder>brick_kiln_imagery_0053_2</folder>
	<filename>1679_33.7492798_72.72535923.jpg</filename>
	<path>E:\SPROJ\brick_kiln_imagery_0053_2\1679_33.7492798_72.72535923.jpg</path>
	<source>
		<database>Unknown</database>
	</source>
	<size>
		<width>256</width>
		<height>256</height>
		<depth>3</depth>
	</size>
	<segmented>0</segmented>
	<object>
		<name>bk</name>
		<pose>Unspecified</pose>
		<truncated>0</truncated>
		<difficult>0</difficult>
		<bndbox>
			<xmin>147</xmin>
			<ymin>108</ymin>
			<xmax>183</xmax>
			<ymax>199</ymax>
		</bndbox>
	</object>
</annotation>
