<annotation>
	<folder>brick_kiln</folder>
	<filename>168_30.00699389_71.49455406.jpg</filename>
	<path>/home/usman/Documents/1 Senior/Sproj/latest/images_zoom17/brick_kiln/168_30.00699389_71.49455406.jpg</path>
	<source>
		<database>Unknown</database>
	</source>
	<size>
		<width>256</width>
		<height>256</height>
		<depth>3</depth>
	</size>
	<segmented>0</segmented>
	<object>
		<name>bk</name>
		<pose>Unspecified</pose>
		<truncated>0</truncated>
		<difficult>0</difficult>
		<bndbox>
			<xmin>97</xmin>
			<ymin>112</ymin>
			<xmax>193</xmax>
			<ymax>158</ymax>
		</bndbox>
	</object>
</annotation>
