<annotation>
	<folder>brick_kiln_imagery_0053_2</folder>
	<filename>1695_32.65167667_73.61079333.jpg</filename>
	<path>E:\SPROJ\brick_kiln_imagery_0053_2\1695_32.65167667_73.61079333.jpg</path>
	<source>
		<database>Unknown</database>
	</source>
	<size>
		<width>256</width>
		<height>256</height>
		<depth>3</depth>
	</size>
	<segmented>0</segmented>
	<object>
		<name>bk</name>
		<pose>Unspecified</pose>
		<truncated>0</truncated>
		<difficult>0</difficult>
		<bndbox>
			<xmin>39</xmin>
			<ymin>138</ymin>
			<xmax>126</xmax>
			<ymax>176</ymax>
		</bndbox>
	</object>
</annotation>
