<annotation>
	<folder>brick_kiln_imagery_0053_2</folder>
	<filename>1736_32.41122833_72.77550167.jpg</filename>
	<path>E:\SPROJ\brick_kiln_imagery_0053_2\1736_32.41122833_72.77550167.jpg</path>
	<source>
		<database>Unknown</database>
	</source>
	<size>
		<width>256</width>
		<height>256</height>
		<depth>3</depth>
	</size>
	<segmented>0</segmented>
	<object>
		<name>bk</name>
		<pose>Unspecified</pose>
		<truncated>0</truncated>
		<difficult>0</difficult>
		<bndbox>
			<xmin>112</xmin>
			<ymin>92</ymin>
			<xmax>176</xmax>
			<ymax>125</ymax>
		</bndbox>
	</object>
	<object>
		<name>bk</name>
		<pose>Unspecified</pose>
		<truncated>0</truncated>
		<difficult>0</difficult>
		<bndbox>
			<xmin>40</xmin>
			<ymin>134</ymin>
			<xmax>105</xmax>
			<ymax>164</ymax>
		</bndbox>
	</object>
</annotation>
