<annotation>
	<folder>brick_kiln_imagery_0053_2</folder>
	<filename>1740_28.30574173_70.10537558.jpg</filename>
	<path>E:\SPROJ\brick_kiln_imagery_0053_2\1740_28.30574173_70.10537558.jpg</path>
	<source>
		<database>Unknown</database>
	</source>
	<size>
		<width>256</width>
		<height>256</height>
		<depth>3</depth>
	</size>
	<segmented>0</segmented>
	<object>
		<name>bk</name>
		<pose>Unspecified</pose>
		<truncated>0</truncated>
		<difficult>0</difficult>
		<bndbox>
			<xmin>96</xmin>
			<ymin>115</ymin>
			<xmax>126</xmax>
			<ymax>187</ymax>
		</bndbox>
	</object>
</annotation>
