<annotation>
	<folder>brick_kiln_imagery_0053_2</folder>
	<filename>1755_30.53973074_72.17978758.jpg</filename>
	<path>E:\SPROJ\brick_kiln_imagery_0053_2\1755_30.53973074_72.17978758.jpg</path>
	<source>
		<database>Unknown</database>
	</source>
	<size>
		<width>256</width>
		<height>256</height>
		<depth>3</depth>
	</size>
	<segmented>0</segmented>
	<object>
		<name>bk</name>
		<pose>Unspecified</pose>
		<truncated>0</truncated>
		<difficult>0</difficult>
		<bndbox>
			<xmin>108</xmin>
			<ymin>91</ymin>
			<xmax>188</xmax>
			<ymax>123</ymax>
		</bndbox>
	</object>
</annotation>
