<annotation>
	<folder>brick_kiln_imagery_0053_2</folder>
	<filename>1765_33.15332651_73.07032585.jpg</filename>
	<path>E:\SPROJ\brick_kiln_imagery_0053_2\1765_33.15332651_73.07032585.jpg</path>
	<source>
		<database>Unknown</database>
	</source>
	<size>
		<width>256</width>
		<height>256</height>
		<depth>3</depth>
	</size>
	<segmented>0</segmented>
	<object>
		<name>bk</name>
		<pose>Unspecified</pose>
		<truncated>0</truncated>
		<difficult>0</difficult>
		<bndbox>
			<xmin>137</xmin>
			<ymin>78</ymin>
			<xmax>181</xmax>
			<ymax>150</ymax>
		</bndbox>
	</object>
</annotation>
