<annotation>
	<folder>brick_kiln_imagery_0053_2</folder>
	<filename>1767_30.62570833_73.6962.jpg</filename>
	<path>E:\SPROJ\brick_kiln_imagery_0053_2\1767_30.62570833_73.6962.jpg</path>
	<source>
		<database>Unknown</database>
	</source>
	<size>
		<width>256</width>
		<height>256</height>
		<depth>3</depth>
	</size>
	<segmented>0</segmented>
	<object>
		<name>bk</name>
		<pose>Unspecified</pose>
		<truncated>0</truncated>
		<difficult>0</difficult>
		<bndbox>
			<xmin>72</xmin>
			<ymin>101</ymin>
			<xmax>139</xmax>
			<ymax>134</ymax>
		</bndbox>
	</object>
</annotation>
