<annotation>
	<folder>brick_kiln_imagery_0053_2</folder>
	<filename>1768_32.05079732_74.23659342.jpg</filename>
	<path>E:\SPROJ\brick_kiln_imagery_0053_2\1768_32.05079732_74.23659342.jpg</path>
	<source>
		<database>Unknown</database>
	</source>
	<size>
		<width>256</width>
		<height>256</height>
		<depth>3</depth>
	</size>
	<segmented>0</segmented>
	<object>
		<name>bk</name>
		<pose>Unspecified</pose>
		<truncated>0</truncated>
		<difficult>0</difficult>
		<bndbox>
			<xmin>61</xmin>
			<ymin>91</ymin>
			<xmax>131</xmax>
			<ymax>126</ymax>
		</bndbox>
	</object>
</annotation>
