<annotation>
	<folder>brick_kiln_imagery_0053_2</folder>
	<filename>1773_31.77986932_74.12982176.jpg</filename>
	<path>E:\SPROJ\brick_kiln_imagery_0053_2\1773_31.77986932_74.12982176.jpg</path>
	<source>
		<database>Unknown</database>
	</source>
	<size>
		<width>256</width>
		<height>256</height>
		<depth>3</depth>
	</size>
	<segmented>0</segmented>
	<object>
		<name>bk</name>
		<pose>Unspecified</pose>
		<truncated>0</truncated>
		<difficult>0</difficult>
		<bndbox>
			<xmin>156</xmin>
			<ymin>42</ymin>
			<xmax>196</xmax>
			<ymax>136</ymax>
		</bndbox>
	</object>
</annotation>
