<annotation>
	<folder>brick_kiln_imagery_0053_2</folder>
	<filename>1777_30.10645_71.364805.jpg</filename>
	<path>E:\SPROJ\brick_kiln_imagery_0053_2\1777_30.10645_71.364805.jpg</path>
	<source>
		<database>Unknown</database>
	</source>
	<size>
		<width>256</width>
		<height>256</height>
		<depth>3</depth>
	</size>
	<segmented>0</segmented>
	<object>
		<name>bk</name>
		<pose>Unspecified</pose>
		<truncated>0</truncated>
		<difficult>0</difficult>
		<bndbox>
			<xmin>54</xmin>
			<ymin>132</ymin>
			<xmax>133</xmax>
			<ymax>167</ymax>
		</bndbox>
	</object>
	<object>
		<name>bk</name>
		<pose>Unspecified</pose>
		<truncated>0</truncated>
		<difficult>0</difficult>
		<bndbox>
			<xmin>148</xmin>
			<ymin>29</ymin>
			<xmax>194</xmax>
			<ymax>120</ymax>
		</bndbox>
	</object>
	<object>
		<name>bk</name>
		<pose>Unspecified</pose>
		<truncated>0</truncated>
		<difficult>0</difficult>
		<bndbox>
			<xmin>154</xmin>
			<ymin>123</ymin>
			<xmax>195</xmax>
			<ymax>200</ymax>
		</bndbox>
	</object>
</annotation>
