<annotation>
	<folder>brick_kiln_imagery_0053_2</folder>
	<filename>1779_31.68004125_73.96196512.jpg</filename>
	<path>E:\SPROJ\brick_kiln_imagery_0053_2\1779_31.68004125_73.96196512.jpg</path>
	<source>
		<database>Unknown</database>
	</source>
	<size>
		<width>256</width>
		<height>256</height>
		<depth>3</depth>
	</size>
	<segmented>0</segmented>
	<object>
		<name>bk</name>
		<pose>Unspecified</pose>
		<truncated>0</truncated>
		<difficult>0</difficult>
		<bndbox>
			<xmin>90</xmin>
			<ymin>45</ymin>
			<xmax>134</xmax>
			<ymax>131</ymax>
		</bndbox>
	</object>
</annotation>
