<annotation>
	<folder>brick_kiln_imagery_0053_2</folder>
	<filename>1788_31.44660221_72.8227567.jpg</filename>
	<path>E:\SPROJ\brick_kiln_imagery_0053_2\1788_31.44660221_72.8227567.jpg</path>
	<source>
		<database>Unknown</database>
	</source>
	<size>
		<width>256</width>
		<height>256</height>
		<depth>3</depth>
	</size>
	<segmented>0</segmented>
	<object>
		<name>bk</name>
		<pose>Unspecified</pose>
		<truncated>0</truncated>
		<difficult>0</difficult>
		<bndbox>
			<xmin>111</xmin>
			<ymin>144</ymin>
			<xmax>171</xmax>
			<ymax>208</ymax>
		</bndbox>
	</object>
</annotation>
