<annotation>
	<folder>brick_kiln_imagery_0053_2</folder>
	<filename>1791_32.8160141_74.04648239.jpg</filename>
	<path>E:\SPROJ\brick_kiln_imagery_0053_2\1791_32.8160141_74.04648239.jpg</path>
	<source>
		<database>Unknown</database>
	</source>
	<size>
		<width>256</width>
		<height>256</height>
		<depth>3</depth>
	</size>
	<segmented>0</segmented>
	<object>
		<name>bk</name>
		<pose>Unspecified</pose>
		<truncated>0</truncated>
		<difficult>0</difficult>
		<bndbox>
			<xmin>110</xmin>
			<ymin>129</ymin>
			<xmax>159</xmax>
			<ymax>202</ymax>
		</bndbox>
	</object>
</annotation>
