<annotation>
	<folder>brick_kiln_imagery_0053_2</folder>
	<filename>1802_28.29545667_70.07903833.jpg</filename>
	<path>E:\SPROJ\brick_kiln_imagery_0053_2\1802_28.29545667_70.07903833.jpg</path>
	<source>
		<database>Unknown</database>
	</source>
	<size>
		<width>256</width>
		<height>256</height>
		<depth>3</depth>
	</size>
	<segmented>0</segmented>
	<object>
		<name>bk</name>
		<pose>Unspecified</pose>
		<truncated>0</truncated>
		<difficult>0</difficult>
		<bndbox>
			<xmin>98</xmin>
			<ymin>66</ymin>
			<xmax>137</xmax>
			<ymax>151</ymax>
		</bndbox>
	</object>
</annotation>
