<annotation>
	<folder>brick_kiln_imagery_0053_2</folder>
	<filename>1814_30.30752919_73.03344732.jpg</filename>
	<path>E:\SPROJ\brick_kiln_imagery_0053_2\1814_30.30752919_73.03344732.jpg</path>
	<source>
		<database>Unknown</database>
	</source>
	<size>
		<width>256</width>
		<height>256</height>
		<depth>3</depth>
	</size>
	<segmented>0</segmented>
	<object>
		<name>bk</name>
		<pose>Unspecified</pose>
		<truncated>0</truncated>
		<difficult>0</difficult>
		<bndbox>
			<xmin>109</xmin>
			<ymin>38</ymin>
			<xmax>138</xmax>
			<ymax>116</ymax>
		</bndbox>
	</object>
</annotation>
