<annotation>
	<folder>brick_kiln_imagery_0053_2</folder>
	<filename>1818_32.75172_71.90270167.jpg</filename>
	<path>E:\SPROJ\brick_kiln_imagery_0053_2\1818_32.75172_71.90270167.jpg</path>
	<source>
		<database>Unknown</database>
	</source>
	<size>
		<width>256</width>
		<height>256</height>
		<depth>3</depth>
	</size>
	<segmented>0</segmented>
	<object>
		<name>bk</name>
		<pose>Unspecified</pose>
		<truncated>0</truncated>
		<difficult>0</difficult>
		<bndbox>
			<xmin>101</xmin>
			<ymin>13</ymin>
			<xmax>154</xmax>
			<ymax>107</ymax>
		</bndbox>
	</object>
</annotation>
