<annotation>
	<folder>brick_kiln_imagery_0053_2</folder>
	<filename>1830_30.13486833_72.66776167.jpg</filename>
	<path>E:\SPROJ\brick_kiln_imagery_0053_2\1830_30.13486833_72.66776167.jpg</path>
	<source>
		<database>Unknown</database>
	</source>
	<size>
		<width>256</width>
		<height>256</height>
		<depth>3</depth>
	</size>
	<segmented>0</segmented>
	<object>
		<name>bk</name>
		<pose>Unspecified</pose>
		<truncated>0</truncated>
		<difficult>0</difficult>
		<bndbox>
			<xmin>84</xmin>
			<ymin>118</ymin>
			<xmax>127</xmax>
			<ymax>194</ymax>
		</bndbox>
	</object>
	<object>
		<name>bk</name>
		<pose>Unspecified</pose>
		<truncated>0</truncated>
		<difficult>0</difficult>
		<bndbox>
			<xmin>218</xmin>
			<ymin>114</ymin>
			<xmax>255</xmax>
			<ymax>188</ymax>
		</bndbox>
	</object>
</annotation>
