<annotation>
	<folder>brick_kiln_imagery_0053_2</folder>
	<filename>1838_30.09289_72.50157.jpg</filename>
	<path>E:\SPROJ\brick_kiln_imagery_0053_2\1838_30.09289_72.50157.jpg</path>
	<source>
		<database>Unknown</database>
	</source>
	<size>
		<width>256</width>
		<height>256</height>
		<depth>3</depth>
	</size>
	<segmented>0</segmented>
	<object>
		<name>bk</name>
		<pose>Unspecified</pose>
		<truncated>0</truncated>
		<difficult>0</difficult>
		<bndbox>
			<xmin>31</xmin>
			<ymin>147</ymin>
			<xmax>97</xmax>
			<ymax>179</ymax>
		</bndbox>
	</object>
	<object>
		<name>bk</name>
		<pose>Unspecified</pose>
		<truncated>0</truncated>
		<difficult>0</difficult>
		<bndbox>
			<xmin>98</xmin>
			<ymin>68</ymin>
			<xmax>162</xmax>
			<ymax>102</ymax>
		</bndbox>
	</object>
</annotation>
