<annotation>
	<folder>brick_kiln_imagery_0053_2</folder>
	<filename>1841_32.44189446_73.58206251.jpg</filename>
	<path>E:\SPROJ\brick_kiln_imagery_0053_2\1841_32.44189446_73.58206251.jpg</path>
	<source>
		<database>Unknown</database>
	</source>
	<size>
		<width>256</width>
		<height>256</height>
		<depth>3</depth>
	</size>
	<segmented>0</segmented>
	<object>
		<name>bk</name>
		<pose>Unspecified</pose>
		<truncated>0</truncated>
		<difficult>0</difficult>
		<bndbox>
			<xmin>130</xmin>
			<ymin>93</ymin>
			<xmax>207</xmax>
			<ymax>135</ymax>
		</bndbox>
	</object>
</annotation>
