<annotation>
	<folder>brick_kiln_imagery_0053_2</folder>
	<filename>1843_32.4442393_73.59122006.jpg</filename>
	<path>E:\SPROJ\brick_kiln_imagery_0053_2\1843_32.4442393_73.59122006.jpg</path>
	<source>
		<database>Unknown</database>
	</source>
	<size>
		<width>256</width>
		<height>256</height>
		<depth>3</depth>
	</size>
	<segmented>0</segmented>
	<object>
		<name>bk</name>
		<pose>Unspecified</pose>
		<truncated>0</truncated>
		<difficult>0</difficult>
		<bndbox>
			<xmin>69</xmin>
			<ymin>76</ymin>
			<xmax>110</xmax>
			<ymax>160</ymax>
		</bndbox>
	</object>
</annotation>
