<annotation>
	<folder>brick_kiln_imagery_0053_2</folder>
	<filename>1850_28.2475_69.86445333.jpg</filename>
	<path>E:\SPROJ\brick_kiln_imagery_0053_2\1850_28.2475_69.86445333.jpg</path>
	<source>
		<database>Unknown</database>
	</source>
	<size>
		<width>256</width>
		<height>256</height>
		<depth>3</depth>
	</size>
	<segmented>0</segmented>
	<object>
		<name>bk</name>
		<pose>Unspecified</pose>
		<truncated>0</truncated>
		<difficult>0</difficult>
		<bndbox>
			<xmin>146</xmin>
			<ymin>81</ymin>
			<xmax>191</xmax>
			<ymax>157</ymax>
		</bndbox>
	</object>
</annotation>
