<annotation>
	<folder>brick_kiln_imagery_0053_2</folder>
	<filename>1857_30.096515_73.317385.jpg</filename>
	<path>E:\SPROJ\brick_kiln_imagery_0053_2\1857_30.096515_73.317385.jpg</path>
	<source>
		<database>Unknown</database>
	</source>
	<size>
		<width>256</width>
		<height>256</height>
		<depth>3</depth>
	</size>
	<segmented>0</segmented>
	<object>
		<name>bk</name>
		<pose>Unspecified</pose>
		<truncated>0</truncated>
		<difficult>0</difficult>
		<bndbox>
			<xmin>108</xmin>
			<ymin>170</ymin>
			<xmax>144</xmax>
			<ymax>239</ymax>
		</bndbox>
	</object>
</annotation>
