<annotation>
	<folder>brick_kiln_imagery_0053_2</folder>
	<filename>1865_28.42846_70.08454333.jpg</filename>
	<path>E:\SPROJ\brick_kiln_imagery_0053_2\1865_28.42846_70.08454333.jpg</path>
	<source>
		<database>Unknown</database>
	</source>
	<size>
		<width>256</width>
		<height>256</height>
		<depth>3</depth>
	</size>
	<segmented>0</segmented>
	<object>
		<name>bk</name>
		<pose>Unspecified</pose>
		<truncated>1</truncated>
		<difficult>0</difficult>
		<bndbox>
			<xmin>1</xmin>
			<ymin>78</ymin>
			<xmax>36</xmax>
			<ymax>145</ymax>
		</bndbox>
	</object>
	<object>
		<name>bk</name>
		<pose>Unspecified</pose>
		<truncated>0</truncated>
		<difficult>0</difficult>
		<bndbox>
			<xmin>126</xmin>
			<ymin>95</ymin>
			<xmax>211</xmax>
			<ymax>129</ymax>
		</bndbox>
	</object>
</annotation>
