<annotation>
	<folder>brick_kiln_imagery_0053_2</folder>
	<filename>1866_29.23814667_71.405755.jpg</filename>
	<path>E:\SPROJ\brick_kiln_imagery_0053_2\1866_29.23814667_71.405755.jpg</path>
	<source>
		<database>Unknown</database>
	</source>
	<size>
		<width>256</width>
		<height>256</height>
		<depth>3</depth>
	</size>
	<segmented>0</segmented>
	<object>
		<name>bk</name>
		<pose>Unspecified</pose>
		<truncated>0</truncated>
		<difficult>0</difficult>
		<bndbox>
			<xmin>62</xmin>
			<ymin>140</ymin>
			<xmax>137</xmax>
			<ymax>177</ymax>
		</bndbox>
	</object>
</annotation>
