<annotation>
	<folder>brick_kiln_imagery_0053_2</folder>
	<filename>1888_30.25355918_71.93832713.jpg</filename>
	<path>E:\SPROJ\brick_kiln_imagery_0053_2\1888_30.25355918_71.93832713.jpg</path>
	<source>
		<database>Unknown</database>
	</source>
	<size>
		<width>256</width>
		<height>256</height>
		<depth>3</depth>
	</size>
	<segmented>0</segmented>
	<object>
		<name>bk</name>
		<pose>Unspecified</pose>
		<truncated>0</truncated>
		<difficult>0</difficult>
		<bndbox>
			<xmin>106</xmin>
			<ymin>168</ymin>
			<xmax>157</xmax>
			<ymax>237</ymax>
		</bndbox>
	</object>
</annotation>
