<annotation>
	<folder>brick_kiln_imagery_0053_2</folder>
	<filename>1911_29.76422017_70.60846475.jpg</filename>
	<path>E:\SPROJ\brick_kiln_imagery_0053_2\1911_29.76422017_70.60846475.jpg</path>
	<source>
		<database>Unknown</database>
	</source>
	<size>
		<width>256</width>
		<height>256</height>
		<depth>3</depth>
	</size>
	<segmented>0</segmented>
	<object>
		<name>bk</name>
		<pose>Unspecified</pose>
		<truncated>0</truncated>
		<difficult>0</difficult>
		<bndbox>
			<xmin>144</xmin>
			<ymin>133</ymin>
			<xmax>176</xmax>
			<ymax>202</ymax>
		</bndbox>
	</object>
</annotation>
