<annotation>
	<folder>brick_kiln_imagery_0053_2</folder>
	<filename>1916_30.11494604_71.38431124.jpg</filename>
	<path>E:\SPROJ\brick_kiln_imagery_0053_2\1916_30.11494604_71.38431124.jpg</path>
	<source>
		<database>Unknown</database>
	</source>
	<size>
		<width>256</width>
		<height>256</height>
		<depth>3</depth>
	</size>
	<segmented>0</segmented>
	<object>
		<name>bk</name>
		<pose>Unspecified</pose>
		<truncated>0</truncated>
		<difficult>0</difficult>
		<bndbox>
			<xmin>144</xmin>
			<ymin>132</ymin>
			<xmax>246</xmax>
			<ymax>172</ymax>
		</bndbox>
	</object>
</annotation>
