<annotation>
	<folder>brick_kiln_imagery_0053_2</folder>
	<filename>1932_28.60991375_70.65676521.jpg</filename>
	<path>E:\SPROJ\brick_kiln_imagery_0053_2\1932_28.60991375_70.65676521.jpg</path>
	<source>
		<database>Unknown</database>
	</source>
	<size>
		<width>256</width>
		<height>256</height>
		<depth>3</depth>
	</size>
	<segmented>0</segmented>
	<object>
		<name>bk</name>
		<pose>Unspecified</pose>
		<truncated>0</truncated>
		<difficult>0</difficult>
		<bndbox>
			<xmin>114</xmin>
			<ymin>148</ymin>
			<xmax>154</xmax>
			<ymax>228</ymax>
		</bndbox>
	</object>
</annotation>
