<annotation>
	<folder>brick_kiln_imagery_0053_2</folder>
	<filename>1935_29.2361857_72.49580551.jpg</filename>
	<path>E:\SPROJ\brick_kiln_imagery_0053_2\1935_29.2361857_72.49580551.jpg</path>
	<source>
		<database>Unknown</database>
	</source>
	<size>
		<width>256</width>
		<height>256</height>
		<depth>3</depth>
	</size>
	<segmented>0</segmented>
	<object>
		<name>bk</name>
		<pose>Unspecified</pose>
		<truncated>0</truncated>
		<difficult>0</difficult>
		<bndbox>
			<xmin>63</xmin>
			<ymin>113</ymin>
			<xmax>152</xmax>
			<ymax>152</ymax>
		</bndbox>
	</object>
</annotation>
