<annotation>
	<folder>brick_kiln_imagery_0053_2</folder>
	<filename>1937_31.87011167_74.15264333.jpg</filename>
	<path>E:\SPROJ\brick_kiln_imagery_0053_2\1937_31.87011167_74.15264333.jpg</path>
	<source>
		<database>Unknown</database>
	</source>
	<size>
		<width>256</width>
		<height>256</height>
		<depth>3</depth>
	</size>
	<segmented>0</segmented>
	<object>
		<name>bk</name>
		<pose>Unspecified</pose>
		<truncated>0</truncated>
		<difficult>0</difficult>
		<bndbox>
			<xmin>121</xmin>
			<ymin>103</ymin>
			<xmax>197</xmax>
			<ymax>147</ymax>
		</bndbox>
	</object>
</annotation>
