<annotation>
	<folder>brick_kiln_imagery_0053_2</folder>
	<filename>1939_29.53098156_70.53106383.jpg</filename>
	<path>E:\SPROJ\brick_kiln_imagery_0053_2\1939_29.53098156_70.53106383.jpg</path>
	<source>
		<database>Unknown</database>
	</source>
	<size>
		<width>256</width>
		<height>256</height>
		<depth>3</depth>
	</size>
	<segmented>0</segmented>
	<object>
		<name>bk</name>
		<pose>Unspecified</pose>
		<truncated>0</truncated>
		<difficult>0</difficult>
		<bndbox>
			<xmin>100</xmin>
			<ymin>132</ymin>
			<xmax>154</xmax>
			<ymax>214</ymax>
		</bndbox>
	</object>
</annotation>
