<annotation>
	<folder>brick_kiln_imagery_0053_2</folder>
	<filename>1948_29.78465667_72.709085.jpg</filename>
	<path>E:\SPROJ\brick_kiln_imagery_0053_2\1948_29.78465667_72.709085.jpg</path>
	<source>
		<database>Unknown</database>
	</source>
	<size>
		<width>256</width>
		<height>256</height>
		<depth>3</depth>
	</size>
	<segmented>0</segmented>
	<object>
		<name>bk</name>
		<pose>Unspecified</pose>
		<truncated>0</truncated>
		<difficult>0</difficult>
		<bndbox>
			<xmin>71</xmin>
			<ymin>58</ymin>
			<xmax>164</xmax>
			<ymax>100</ymax>
		</bndbox>
	</object>
</annotation>
