<annotation>
	<folder>brick_kiln_imagery_0053_2</folder>
	<filename>1956_29.68479167_72.13887833.jpg</filename>
	<path>E:\SPROJ\brick_kiln_imagery_0053_2\1956_29.68479167_72.13887833.jpg</path>
	<source>
		<database>Unknown</database>
	</source>
	<size>
		<width>256</width>
		<height>256</height>
		<depth>3</depth>
	</size>
	<segmented>0</segmented>
	<object>
		<name>bk</name>
		<pose>Unspecified</pose>
		<truncated>0</truncated>
		<difficult>0</difficult>
		<bndbox>
			<xmin>40</xmin>
			<ymin>130</ymin>
			<xmax>114</xmax>
			<ymax>166</ymax>
		</bndbox>
	</object>
</annotation>
