<annotation>
	<folder>brick_kiln_imagery_0053_2</folder>
	<filename>1957_31.54357795_73.49015423.jpg</filename>
	<path>E:\SPROJ\brick_kiln_imagery_0053_2\1957_31.54357795_73.49015423.jpg</path>
	<source>
		<database>Unknown</database>
	</source>
	<size>
		<width>256</width>
		<height>256</height>
		<depth>3</depth>
	</size>
	<segmented>0</segmented>
	<object>
		<name>bk</name>
		<pose>Unspecified</pose>
		<truncated>0</truncated>
		<difficult>0</difficult>
		<bndbox>
			<xmin>77</xmin>
			<ymin>167</ymin>
			<xmax>142</xmax>
			<ymax>233</ymax>
		</bndbox>
	</object>
</annotation>
