<annotation>
	<folder>brick_kiln_imagery_0053_2</folder>
	<filename>1978_31.83501594_72.82512231.jpg</filename>
	<path>E:\SPROJ\brick_kiln_imagery_0053_2\1978_31.83501594_72.82512231.jpg</path>
	<source>
		<database>Unknown</database>
	</source>
	<size>
		<width>256</width>
		<height>256</height>
		<depth>3</depth>
	</size>
	<segmented>0</segmented>
	<object>
		<name>bk</name>
		<pose>Unspecified</pose>
		<truncated>0</truncated>
		<difficult>0</difficult>
		<bndbox>
			<xmin>82</xmin>
			<ymin>88</ymin>
			<xmax>146</xmax>
			<ymax>150</ymax>
		</bndbox>
	</object>
</annotation>
