<annotation>
	<folder>brick_kiln_imagery_0053_2</folder>
	<filename>1979_31.63490167_71.04793167.jpg</filename>
	<path>E:\SPROJ\brick_kiln_imagery_0053_2\1979_31.63490167_71.04793167.jpg</path>
	<source>
		<database>Unknown</database>
	</source>
	<size>
		<width>256</width>
		<height>256</height>
		<depth>3</depth>
	</size>
	<segmented>0</segmented>
	<object>
		<name>bk</name>
		<pose>Unspecified</pose>
		<truncated>0</truncated>
		<difficult>0</difficult>
		<bndbox>
			<xmin>22</xmin>
			<ymin>173</ymin>
			<xmax>109</xmax>
			<ymax>221</ymax>
		</bndbox>
	</object>
</annotation>
