<annotation>
	<folder>brick_kiln_imagery_0053_2</folder>
	<filename>1980_32.00221167_72.60719833.jpg</filename>
	<path>E:\SPROJ\brick_kiln_imagery_0053_2\1980_32.00221167_72.60719833.jpg</path>
	<source>
		<database>Unknown</database>
	</source>
	<size>
		<width>256</width>
		<height>256</height>
		<depth>3</depth>
	</size>
	<segmented>0</segmented>
	<object>
		<name>bk</name>
		<pose>Unspecified</pose>
		<truncated>0</truncated>
		<difficult>0</difficult>
		<bndbox>
			<xmin>148</xmin>
			<ymin>138</ymin>
			<xmax>218</xmax>
			<ymax>200</ymax>
		</bndbox>
	</object>
</annotation>
