<annotation>
	<folder>brick_kiln_imagery_0053_2</folder>
	<filename>1982_31.21109_72.34052167.jpg</filename>
	<path>E:\SPROJ\brick_kiln_imagery_0053_2\1982_31.21109_72.34052167.jpg</path>
	<source>
		<database>Unknown</database>
	</source>
	<size>
		<width>256</width>
		<height>256</height>
		<depth>3</depth>
	</size>
	<segmented>0</segmented>
	<object>
		<name>bk</name>
		<pose>Unspecified</pose>
		<truncated>0</truncated>
		<difficult>0</difficult>
		<bndbox>
			<xmin>132</xmin>
			<ymin>93</ymin>
			<xmax>198</xmax>
			<ymax>149</ymax>
		</bndbox>
	</object>
</annotation>
