<annotation>
	<folder>brick_kiln_imagery_0053_2</folder>
	<filename>2003_30.12662739_72.65580529.jpg</filename>
	<path>E:\SPROJ\brick_kiln_imagery_0053_2\2003_30.12662739_72.65580529.jpg</path>
	<source>
		<database>Unknown</database>
	</source>
	<size>
		<width>256</width>
		<height>256</height>
		<depth>3</depth>
	</size>
	<segmented>0</segmented>
	<object>
		<name>bk</name>
		<pose>Unspecified</pose>
		<truncated>0</truncated>
		<difficult>0</difficult>
		<bndbox>
			<xmin>69</xmin>
			<ymin>118</ymin>
			<xmax>147</xmax>
			<ymax>153</ymax>
		</bndbox>
	</object>
</annotation>
