<annotation>
	<folder>brick_kiln_imagery_0053_2</folder>
	<filename>2018_28.54318192_70.4619982.jpg</filename>
	<path>E:\SPROJ\brick_kiln_imagery_0053_2\2018_28.54318192_70.4619982.jpg</path>
	<source>
		<database>Unknown</database>
	</source>
	<size>
		<width>256</width>
		<height>256</height>
		<depth>3</depth>
	</size>
	<segmented>0</segmented>
	<object>
		<name>bk</name>
		<pose>Unspecified</pose>
		<truncated>0</truncated>
		<difficult>0</difficult>
		<bndbox>
			<xmin>59</xmin>
			<ymin>77</ymin>
			<xmax>122</xmax>
			<ymax>128</ymax>
		</bndbox>
	</object>
</annotation>
