<annotation>
	<folder>brick_kiln_imagery_0053_2</folder>
	<filename>2019_28.8313119_70.53802585.jpg</filename>
	<path>E:\SPROJ\brick_kiln_imagery_0053_2\2019_28.8313119_70.53802585.jpg</path>
	<source>
		<database>Unknown</database>
	</source>
	<size>
		<width>256</width>
		<height>256</height>
		<depth>3</depth>
	</size>
	<segmented>0</segmented>
	<object>
		<name>bk</name>
		<pose>Unspecified</pose>
		<truncated>0</truncated>
		<difficult>0</difficult>
		<bndbox>
			<xmin>70</xmin>
			<ymin>135</ymin>
			<xmax>129</xmax>
			<ymax>169</ymax>
		</bndbox>
	</object>
</annotation>
