<annotation>
	<folder>brick_kiln</folder>
	<filename>201_31.19518234_73.89727784.jpg</filename>
	<path>/home/usman/Documents/1 Senior/Sproj/latest/images_zoom17/brick_kiln/201_31.19518234_73.89727784.jpg</path>
	<source>
		<database>Unknown</database>
	</source>
	<size>
		<width>256</width>
		<height>256</height>
		<depth>3</depth>
	</size>
	<segmented>0</segmented>
	<object>
		<name>bk</name>
		<pose>Unspecified</pose>
		<truncated>0</truncated>
		<difficult>0</difficult>
		<bndbox>
			<xmin>29</xmin>
			<ymin>128</ymin>
			<xmax>122</xmax>
			<ymax>181</ymax>
		</bndbox>
	</object>
</annotation>
