<annotation>
	<folder>brick_kiln_imagery_0053_2</folder>
	<filename>2034_30.44038836_72.3766061.jpg</filename>
	<path>E:\SPROJ\brick_kiln_imagery_0053_2\2034_30.44038836_72.3766061.jpg</path>
	<source>
		<database>Unknown</database>
	</source>
	<size>
		<width>256</width>
		<height>256</height>
		<depth>3</depth>
	</size>
	<segmented>0</segmented>
	<object>
		<name>bk</name>
		<pose>Unspecified</pose>
		<truncated>0</truncated>
		<difficult>0</difficult>
		<bndbox>
			<xmin>117</xmin>
			<ymin>71</ymin>
			<xmax>149</xmax>
			<ymax>147</ymax>
		</bndbox>
	</object>
</annotation>
