<annotation>
	<folder>brick_kiln_imagery_0053_2</folder>
	<filename>2043_33.93468861_72.58354267.jpg</filename>
	<path>E:\SPROJ\brick_kiln_imagery_0053_2\2043_33.93468861_72.58354267.jpg</path>
	<source>
		<database>Unknown</database>
	</source>
	<size>
		<width>256</width>
		<height>256</height>
		<depth>3</depth>
	</size>
	<segmented>0</segmented>
	<object>
		<name>bk</name>
		<pose>Unspecified</pose>
		<truncated>0</truncated>
		<difficult>0</difficult>
		<bndbox>
			<xmin>44</xmin>
			<ymin>85</ymin>
			<xmax>120</xmax>
			<ymax>143</ymax>
		</bndbox>
	</object>
</annotation>
