<annotation>
	<folder>brick_kiln_imagery_0053_2</folder>
	<filename>2047_30.11196167_71.605865.jpg</filename>
	<path>E:\SPROJ\brick_kiln_imagery_0053_2\2047_30.11196167_71.605865.jpg</path>
	<source>
		<database>Unknown</database>
	</source>
	<size>
		<width>256</width>
		<height>256</height>
		<depth>3</depth>
	</size>
	<segmented>0</segmented>
	<object>
		<name>bk</name>
		<pose>Unspecified</pose>
		<truncated>0</truncated>
		<difficult>0</difficult>
		<bndbox>
			<xmin>88</xmin>
			<ymin>107</ymin>
			<xmax>178</xmax>
			<ymax>140</ymax>
		</bndbox>
	</object>
</annotation>
