<annotation>
	<folder>brick_kiln_imagery_0053_2</folder>
	<filename>2048_31.62465833_74.50040833.jpg</filename>
	<path>E:\SPROJ\brick_kiln_imagery_0053_2\2048_31.62465833_74.50040833.jpg</path>
	<source>
		<database>Unknown</database>
	</source>
	<size>
		<width>256</width>
		<height>256</height>
		<depth>3</depth>
	</size>
	<segmented>0</segmented>
	<object>
		<name>bk</name>
		<pose>Unspecified</pose>
		<truncated>0</truncated>
		<difficult>0</difficult>
		<bndbox>
			<xmin>132</xmin>
			<ymin>32</ymin>
			<xmax>180</xmax>
			<ymax>134</ymax>
		</bndbox>
	</object>
</annotation>
