<annotation>
	<folder>brick_kiln</folder>
	<filename>204_30.96303667_73.74598833.jpg</filename>
	<path>/home/usman/Documents/1 Senior/Sproj/latest/images_zoom17/brick_kiln/204_30.96303667_73.74598833.jpg</path>
	<source>
		<database>Unknown</database>
	</source>
	<size>
		<width>256</width>
		<height>256</height>
		<depth>3</depth>
	</size>
	<segmented>0</segmented>
	<object>
		<name>bk</name>
		<pose>Unspecified</pose>
		<truncated>0</truncated>
		<difficult>0</difficult>
		<bndbox>
			<xmin>93</xmin>
			<ymin>96</ymin>
			<xmax>188</xmax>
			<ymax>150</ymax>
		</bndbox>
	</object>
</annotation>
