<annotation>
	<folder>brick_kiln_imagery_0053_2</folder>
	<filename>2055_31.02328333_70.93841.jpg</filename>
	<path>E:\SPROJ\brick_kiln_imagery_0053_2\2055_31.02328333_70.93841.jpg</path>
	<source>
		<database>Unknown</database>
	</source>
	<size>
		<width>256</width>
		<height>256</height>
		<depth>3</depth>
	</size>
	<segmented>0</segmented>
	<object>
		<name>bk</name>
		<pose>Unspecified</pose>
		<truncated>0</truncated>
		<difficult>0</difficult>
		<bndbox>
			<xmin>93</xmin>
			<ymin>127</ymin>
			<xmax>133</xmax>
			<ymax>222</ymax>
		</bndbox>
	</object>
</annotation>
