<annotation>
	<folder>brick_kiln_imagery_0053_2</folder>
	<filename>2057_31.97884833_71.17199167.jpg</filename>
	<path>E:\SPROJ\brick_kiln_imagery_0053_2\2057_31.97884833_71.17199167.jpg</path>
	<source>
		<database>Unknown</database>
	</source>
	<size>
		<width>256</width>
		<height>256</height>
		<depth>3</depth>
	</size>
	<segmented>0</segmented>
	<object>
		<name>bk</name>
		<pose>Unspecified</pose>
		<truncated>0</truncated>
		<difficult>0</difficult>
		<bndbox>
			<xmin>142</xmin>
			<ymin>137</ymin>
			<xmax>223</xmax>
			<ymax>172</ymax>
		</bndbox>
	</object>
</annotation>
