<annotation>
	<folder>brick_kiln_imagery_0053_2</folder>
	<filename>2059_30.17407167_72.33751.jpg</filename>
	<path>E:\SPROJ\brick_kiln_imagery_0053_2\2059_30.17407167_72.33751.jpg</path>
	<source>
		<database>Unknown</database>
	</source>
	<size>
		<width>256</width>
		<height>256</height>
		<depth>3</depth>
	</size>
	<segmented>0</segmented>
	<object>
		<name>bk</name>
		<pose>Unspecified</pose>
		<truncated>0</truncated>
		<difficult>0</difficult>
		<bndbox>
			<xmin>145</xmin>
			<ymin>147</ymin>
			<xmax>241</xmax>
			<ymax>196</ymax>
		</bndbox>
	</object>
</annotation>
