<annotation>
	<folder>brick_kiln_imagery_0053_2</folder>
	<filename>2061_31.13176833_72.35503667.jpg</filename>
	<path>E:\SPROJ\brick_kiln_imagery_0053_2\2061_31.13176833_72.35503667.jpg</path>
	<source>
		<database>Unknown</database>
	</source>
	<size>
		<width>256</width>
		<height>256</height>
		<depth>3</depth>
	</size>
	<segmented>0</segmented>
	<object>
		<name>bk</name>
		<pose>Unspecified</pose>
		<truncated>0</truncated>
		<difficult>0</difficult>
		<bndbox>
			<xmin>131</xmin>
			<ymin>137</ymin>
			<xmax>194</xmax>
			<ymax>188</ymax>
		</bndbox>
	</object>
</annotation>
