<annotation>
	<folder>brick_kiln_imagery_0053_2</folder>
	<filename>2074_29.526095_71.61710667.jpg</filename>
	<path>E:\SPROJ\brick_kiln_imagery_0053_2\2074_29.526095_71.61710667.jpg</path>
	<source>
		<database>Unknown</database>
	</source>
	<size>
		<width>256</width>
		<height>256</height>
		<depth>3</depth>
	</size>
	<segmented>0</segmented>
	<object>
		<name>bk</name>
		<pose>Unspecified</pose>
		<truncated>0</truncated>
		<difficult>0</difficult>
		<bndbox>
			<xmin>82</xmin>
			<ymin>116</ymin>
			<xmax>121</xmax>
			<ymax>191</ymax>
		</bndbox>
	</object>
</annotation>
