<annotation>
	<folder>brick_kiln_imagery_0053_2</folder>
	<filename>2081_33.03755317_73.18832758.jpg</filename>
	<path>E:\SPROJ\brick_kiln_imagery_0053_2\2081_33.03755317_73.18832758.jpg</path>
	<source>
		<database>Unknown</database>
	</source>
	<size>
		<width>256</width>
		<height>256</height>
		<depth>3</depth>
	</size>
	<segmented>0</segmented>
	<object>
		<name>bk</name>
		<pose>Unspecified</pose>
		<truncated>0</truncated>
		<difficult>0</difficult>
		<bndbox>
			<xmin>61</xmin>
			<ymin>89</ymin>
			<xmax>120</xmax>
			<ymax>154</ymax>
		</bndbox>
	</object>
</annotation>
