<annotation>
	<folder>brick_kiln_imagery_0053_2</folder>
	<filename>2086_29.81041833_71.89934333.jpg</filename>
	<path>E:\SPROJ\brick_kiln_imagery_0053_2\2086_29.81041833_71.89934333.jpg</path>
	<source>
		<database>Unknown</database>
	</source>
	<size>
		<width>256</width>
		<height>256</height>
		<depth>3</depth>
	</size>
	<segmented>0</segmented>
	<object>
		<name>bk</name>
		<pose>Unspecified</pose>
		<truncated>0</truncated>
		<difficult>0</difficult>
		<bndbox>
			<xmin>91</xmin>
			<ymin>146</ymin>
			<xmax>172</xmax>
			<ymax>180</ymax>
		</bndbox>
	</object>
</annotation>
