<annotation>
	<folder>brick_kiln_imagery_0053_2</folder>
	<filename>2091_30.51713454_72.7576628.jpg</filename>
	<path>E:\SPROJ\brick_kiln_imagery_0053_2\2091_30.51713454_72.7576628.jpg</path>
	<source>
		<database>Unknown</database>
	</source>
	<size>
		<width>256</width>
		<height>256</height>
		<depth>3</depth>
	</size>
	<segmented>0</segmented>
	<object>
		<name>bk</name>
		<pose>Unspecified</pose>
		<truncated>0</truncated>
		<difficult>0</difficult>
		<bndbox>
			<xmin>157</xmin>
			<ymin>82</ymin>
			<xmax>195</xmax>
			<ymax>166</ymax>
		</bndbox>
	</object>
</annotation>
