<annotation>
	<folder>brick_kiln_imagery_0053_2</folder>
	<filename>2095_32.25239833_72.4852.jpg</filename>
	<path>E:\SPROJ\brick_kiln_imagery_0053_2\2095_32.25239833_72.4852.jpg</path>
	<source>
		<database>Unknown</database>
	</source>
	<size>
		<width>256</width>
		<height>256</height>
		<depth>3</depth>
	</size>
	<segmented>0</segmented>
	<object>
		<name>bk</name>
		<pose>Unspecified</pose>
		<truncated>0</truncated>
		<difficult>0</difficult>
		<bndbox>
			<xmin>82</xmin>
			<ymin>128</ymin>
			<xmax>152</xmax>
			<ymax>167</ymax>
		</bndbox>
	</object>
</annotation>
