<annotation>
	<folder>brick_kiln_imagery_0053_2</folder>
	<filename>2109_31.94885833_71.16111.jpg</filename>
	<path>E:\SPROJ\brick_kiln_imagery_0053_2\2109_31.94885833_71.16111.jpg</path>
	<source>
		<database>Unknown</database>
	</source>
	<size>
		<width>256</width>
		<height>256</height>
		<depth>3</depth>
	</size>
	<segmented>0</segmented>
	<object>
		<name>bk</name>
		<pose>Unspecified</pose>
		<truncated>0</truncated>
		<difficult>0</difficult>
		<bndbox>
			<xmin>129</xmin>
			<ymin>82</ymin>
			<xmax>168</xmax>
			<ymax>164</ymax>
		</bndbox>
	</object>
</annotation>
