<annotation>
	<folder>brick_kiln_imagery_0053_2</folder>
	<filename>2116_31.07723333_73.30012333.jpg</filename>
	<path>E:\SPROJ\brick_kiln_imagery_0053_2\2116_31.07723333_73.30012333.jpg</path>
	<source>
		<database>Unknown</database>
	</source>
	<size>
		<width>256</width>
		<height>256</height>
		<depth>3</depth>
	</size>
	<segmented>0</segmented>
	<object>
		<name>bk</name>
		<pose>Unspecified</pose>
		<truncated>0</truncated>
		<difficult>0</difficult>
		<bndbox>
			<xmin>91</xmin>
			<ymin>62</ymin>
			<xmax>159</xmax>
			<ymax>117</ymax>
		</bndbox>
	</object>
</annotation>
