<annotation>
	<folder>brick_kiln_imagery_0053_2</folder>
	<filename>2128_31.05246167_73.84393667.jpg</filename>
	<path>E:\SPROJ\brick_kiln_imagery_0053_2\2128_31.05246167_73.84393667.jpg</path>
	<source>
		<database>Unknown</database>
	</source>
	<size>
		<width>256</width>
		<height>256</height>
		<depth>3</depth>
	</size>
	<segmented>0</segmented>
	<object>
		<name>bk</name>
		<pose>Unspecified</pose>
		<truncated>0</truncated>
		<difficult>0</difficult>
		<bndbox>
			<xmin>156</xmin>
			<ymin>115</ymin>
			<xmax>255</xmax>
			<ymax>170</ymax>
		</bndbox>
	</object>
	<object>
		<name>bk</name>
		<pose>Unspecified</pose>
		<truncated>1</truncated>
		<difficult>0</difficult>
		<bndbox>
			<xmin>89</xmin>
			<ymin>1</ymin>
			<xmax>191</xmax>
			<ymax>51</ymax>
		</bndbox>
	</object>
</annotation>
