<annotation>
	<folder>brick_kiln_imagery_0053_2</folder>
	<filename>2147_33.59891405_72.79960797.jpg</filename>
	<path>E:\SPROJ\brick_kiln_imagery_0053_2\2147_33.59891405_72.79960797.jpg</path>
	<source>
		<database>Unknown</database>
	</source>
	<size>
		<width>256</width>
		<height>256</height>
		<depth>3</depth>
	</size>
	<segmented>0</segmented>
	<object>
		<name>bk</name>
		<pose>Unspecified</pose>
		<truncated>0</truncated>
		<difficult>0</difficult>
		<bndbox>
			<xmin>19</xmin>
			<ymin>129</ymin>
			<xmax>88</xmax>
			<ymax>165</ymax>
		</bndbox>
	</object>
	<object>
		<name>bk</name>
		<pose>Unspecified</pose>
		<truncated>1</truncated>
		<difficult>0</difficult>
		<bndbox>
			<xmin>187</xmin>
			<ymin>1</ymin>
			<xmax>241</xmax>
			<ymax>75</ymax>
		</bndbox>
	</object>
</annotation>
