<annotation>
	<folder>brick_kiln_imagery_0053_2</folder>
	<filename>2164_31.16528_72.674535.jpg</filename>
	<path>E:\SPROJ\brick_kiln_imagery_0053_2\2164_31.16528_72.674535.jpg</path>
	<source>
		<database>Unknown</database>
	</source>
	<size>
		<width>256</width>
		<height>256</height>
		<depth>3</depth>
	</size>
	<segmented>0</segmented>
	<object>
		<name>bk</name>
		<pose>Unspecified</pose>
		<truncated>0</truncated>
		<difficult>0</difficult>
		<bndbox>
			<xmin>41</xmin>
			<ymin>105</ymin>
			<xmax>113</xmax>
			<ymax>146</ymax>
		</bndbox>
	</object>
</annotation>
