<annotation>
	<folder>brick_kiln_imagery_0053_2</folder>
	<filename>2176_30.91798833_73.00494.jpg</filename>
	<path>E:\SPROJ\brick_kiln_imagery_0053_2\2176_30.91798833_73.00494.jpg</path>
	<source>
		<database>Unknown</database>
	</source>
	<size>
		<width>256</width>
		<height>256</height>
		<depth>3</depth>
	</size>
	<segmented>0</segmented>
	<object>
		<name>bk</name>
		<pose>Unspecified</pose>
		<truncated>0</truncated>
		<difficult>0</difficult>
		<bndbox>
			<xmin>149</xmin>
			<ymin>153</ymin>
			<xmax>214</xmax>
			<ymax>234</ymax>
		</bndbox>
	</object>
</annotation>
