<annotation>
	<folder>brick_kiln_imagery_0053_2</folder>
	<filename>2184_31.94459457_74.22479048.jpg</filename>
	<path>E:\SPROJ\brick_kiln_imagery_0053_2\2184_31.94459457_74.22479048.jpg</path>
	<source>
		<database>Unknown</database>
	</source>
	<size>
		<width>256</width>
		<height>256</height>
		<depth>3</depth>
	</size>
	<segmented>0</segmented>
	<object>
		<name>bk</name>
		<pose>Unspecified</pose>
		<truncated>0</truncated>
		<difficult>0</difficult>
		<bndbox>
			<xmin>105</xmin>
			<ymin>83</ymin>
			<xmax>195</xmax>
			<ymax>122</ymax>
		</bndbox>
	</object>
</annotation>
