<annotation>
	<folder>brick_kiln_imagery_0053_2</folder>
	<filename>2188_30.88764914_72.67698489.jpg</filename>
	<path>E:\SPROJ\brick_kiln_imagery_0053_2\2188_30.88764914_72.67698489.jpg</path>
	<source>
		<database>Unknown</database>
	</source>
	<size>
		<width>256</width>
		<height>256</height>
		<depth>3</depth>
	</size>
	<segmented>0</segmented>
	<object>
		<name>bk</name>
		<pose>Unspecified</pose>
		<truncated>0</truncated>
		<difficult>0</difficult>
		<bndbox>
			<xmin>89</xmin>
			<ymin>98</ymin>
			<xmax>156</xmax>
			<ymax>151</ymax>
		</bndbox>
	</object>
</annotation>
