<annotation>
	<folder>brick_kiln_imagery_0053_2</folder>
	<filename>2198_29.50153167_70.86072333.jpg</filename>
	<path>E:\SPROJ\brick_kiln_imagery_0053_2\2198_29.50153167_70.86072333.jpg</path>
	<source>
		<database>Unknown</database>
	</source>
	<size>
		<width>256</width>
		<height>256</height>
		<depth>3</depth>
	</size>
	<segmented>0</segmented>
	<object>
		<name>bk</name>
		<pose>Unspecified</pose>
		<truncated>0</truncated>
		<difficult>0</difficult>
		<bndbox>
			<xmin>119</xmin>
			<ymin>147</ymin>
			<xmax>199</xmax>
			<ymax>183</ymax>
		</bndbox>
	</object>
</annotation>
