<annotation>
	<folder>brick_kiln_imagery_0053_2</folder>
	<filename>2216_29.96489355_72.68644033.jpg</filename>
	<path>E:\SPROJ\brick_kiln_imagery_0053_2\2216_29.96489355_72.68644033.jpg</path>
	<source>
		<database>Unknown</database>
	</source>
	<size>
		<width>256</width>
		<height>256</height>
		<depth>3</depth>
	</size>
	<segmented>0</segmented>
	<object>
		<name>bk</name>
		<pose>Unspecified</pose>
		<truncated>0</truncated>
		<difficult>0</difficult>
		<bndbox>
			<xmin>97</xmin>
			<ymin>96</ymin>
			<xmax>173</xmax>
			<ymax>132</ymax>
		</bndbox>
	</object>
</annotation>
