<annotation>
	<folder>brick_kiln_imagery_0053_2</folder>
	<filename>2233_31.13178167_70.97750333.jpg</filename>
	<path>E:\SPROJ\brick_kiln_imagery_0053_2\2233_31.13178167_70.97750333.jpg</path>
	<source>
		<database>Unknown</database>
	</source>
	<size>
		<width>256</width>
		<height>256</height>
		<depth>3</depth>
	</size>
	<segmented>0</segmented>
	<object>
		<name>bk</name>
		<pose>Unspecified</pose>
		<truncated>0</truncated>
		<difficult>0</difficult>
		<bndbox>
			<xmin>136</xmin>
			<ymin>63</ymin>
			<xmax>171</xmax>
			<ymax>150</ymax>
		</bndbox>
	</object>
</annotation>
