<annotation>
	<folder>brick_kiln</folder>
	<filename>224_31.51132_73.39628333.jpg</filename>
	<path>/home/usman/Documents/1 Senior/Sproj/latest/images_zoom17/brick_kiln/224_31.51132_73.39628333.jpg</path>
	<source>
		<database>Unknown</database>
	</source>
	<size>
		<width>256</width>
		<height>256</height>
		<depth>3</depth>
	</size>
	<segmented>0</segmented>
	<object>
		<name>bk</name>
		<pose>Unspecified</pose>
		<truncated>0</truncated>
		<difficult>0</difficult>
		<bndbox>
			<xmin>51</xmin>
			<ymin>22</ymin>
			<xmax>148</xmax>
			<ymax>107</ymax>
		</bndbox>
	</object>
</annotation>
