<annotation>
	<folder>brick_kiln</folder>
	<filename>227_32.56826167_74.10507333.jpg</filename>
	<path>/home/usman/Documents/1 Senior/Sproj/latest/images_zoom17/brick_kiln/227_32.56826167_74.10507333.jpg</path>
	<source>
		<database>Unknown</database>
	</source>
	<size>
		<width>256</width>
		<height>256</height>
		<depth>3</depth>
	</size>
	<segmented>0</segmented>
	<object>
		<name>bk</name>
		<pose>Unspecified</pose>
		<truncated>0</truncated>
		<difficult>0</difficult>
		<bndbox>
			<xmin>100</xmin>
			<ymin>101</ymin>
			<xmax>148</xmax>
			<ymax>184</ymax>
		</bndbox>
	</object>
</annotation>
