<annotation>
	<folder>brick_kiln_txt&amp;XML</folder>
	<filename>2469_30.99017_70.98580333.jpg</filename>
	<path>/home/usman/Documents/1 Senior/Sproj/latest/images_zoom17/brick_kiln_txt&amp;XML/2469_30.99017_70.98580333.jpg</path>
	<source>
		<database>Unknown</database>
	</source>
	<size>
		<width>256</width>
		<height>256</height>
		<depth>3</depth>
	</size>
	<segmented>0</segmented>
	<object>
		<name>bk</name>
		<pose>Unspecified</pose>
		<truncated>0</truncated>
		<difficult>0</difficult>
		<bndbox>
			<xmin>125</xmin>
			<ymin>59</ymin>
			<xmax>164</xmax>
			<ymax>150</ymax>
		</bndbox>
	</object>
	<object>
		<name>bk</name>
		<pose>Unspecified</pose>
		<truncated>0</truncated>
		<difficult>0</difficult>
		<bndbox>
			<xmin>75</xmin>
			<ymin>75</ymin>
			<xmax>106</xmax>
			<ymax>143</ymax>
		</bndbox>
	</object>
</annotation>
