<annotation>
	<folder>brick_kiln_txt&amp;XML</folder>
	<filename>2514_31.12572794_74.41465866.jpg</filename>
	<path>/home/usman/Documents/1 Senior/Sproj/latest/images_zoom17/brick_kiln_txt&amp;XML/2514_31.12572794_74.41465866.jpg</path>
	<source>
		<database>Unknown</database>
	</source>
	<size>
		<width>256</width>
		<height>256</height>
		<depth>3</depth>
	</size>
	<segmented>0</segmented>
	<object>
		<name>bk</name>
		<pose>Unspecified</pose>
		<truncated>0</truncated>
		<difficult>0</difficult>
		<bndbox>
			<xmin>62</xmin>
			<ymin>149</ymin>
			<xmax>137</xmax>
			<ymax>239</ymax>
		</bndbox>
	</object>
</annotation>
