<annotation>
	<folder>brick_kiln</folder>
	<filename>252_32.28488569_74.31101317.jpg</filename>
	<path>/home/usman/Documents/1 Senior/Sproj/latest/images_zoom17/brick_kiln/252_32.28488569_74.31101317.jpg</path>
	<source>
		<database>Unknown</database>
	</source>
	<size>
		<width>256</width>
		<height>256</height>
		<depth>3</depth>
	</size>
	<segmented>0</segmented>
	<object>
		<name>bk</name>
		<pose>Unspecified</pose>
		<truncated>0</truncated>
		<difficult>0</difficult>
		<bndbox>
			<xmin>108</xmin>
			<ymin>59</ymin>
			<xmax>149</xmax>
			<ymax>140</ymax>
		</bndbox>
	</object>
</annotation>
