<annotation>
	<folder>brick_kiln</folder>
	<filename>254_31.00722667_73.72810667.jpg</filename>
	<path>/home/usman/Documents/1 Senior/Sproj/latest/images_zoom17/brick_kiln/254_31.00722667_73.72810667.jpg</path>
	<source>
		<database>Unknown</database>
	</source>
	<size>
		<width>256</width>
		<height>256</height>
		<depth>3</depth>
	</size>
	<segmented>0</segmented>
	<object>
		<name>bk</name>
		<pose>Unspecified</pose>
		<truncated>0</truncated>
		<difficult>0</difficult>
		<bndbox>
			<xmin>72</xmin>
			<ymin>7</ymin>
			<xmax>142</xmax>
			<ymax>119</ymax>
		</bndbox>
	</object>
</annotation>
