<annotation>
	<folder>brick_kiln_txt&amp;XML</folder>
	<filename>2610_31.39573333_71.00954333.jpg</filename>
	<path>/home/usman/Documents/1 Senior/Sproj/latest/images_zoom17/brick_kiln_txt&amp;XML/2610_31.39573333_71.00954333.jpg</path>
	<source>
		<database>Unknown</database>
	</source>
	<size>
		<width>256</width>
		<height>256</height>
		<depth>3</depth>
	</size>
	<segmented>0</segmented>
	<object>
		<name>bk</name>
		<pose>Unspecified</pose>
		<truncated>0</truncated>
		<difficult>0</difficult>
		<bndbox>
			<xmin>131</xmin>
			<ymin>132</ymin>
			<xmax>205</xmax>
			<ymax>167</ymax>
		</bndbox>
	</object>
</annotation>
