<annotation>
	<folder>brick_kiln_txt&amp;XML</folder>
	<filename>2653_30.31656667_73.11343833.jpg</filename>
	<path>/home/usman/Documents/1 Senior/Sproj/latest/images_zoom17/brick_kiln_txt&amp;XML/2653_30.31656667_73.11343833.jpg</path>
	<source>
		<database>Unknown</database>
	</source>
	<size>
		<width>256</width>
		<height>256</height>
		<depth>3</depth>
	</size>
	<segmented>0</segmented>
	<object>
		<name>bk</name>
		<pose>Unspecified</pose>
		<truncated>0</truncated>
		<difficult>0</difficult>
		<bndbox>
			<xmin>136</xmin>
			<ymin>56</ymin>
			<xmax>222</xmax>
			<ymax>89</ymax>
		</bndbox>
	</object>
</annotation>
