<annotation>
	<folder>brick_kiln_txt&amp;XML</folder>
	<filename>2714_32.61685333_74.02205167.jpg</filename>
	<path>/home/usman/Documents/1 Senior/Sproj/latest/images_zoom17/brick_kiln_txt&amp;XML/2714_32.61685333_74.02205167.jpg</path>
	<source>
		<database>Unknown</database>
	</source>
	<size>
		<width>256</width>
		<height>256</height>
		<depth>3</depth>
	</size>
	<segmented>0</segmented>
	<object>
		<name>bk</name>
		<pose>Unspecified</pose>
		<truncated>0</truncated>
		<difficult>0</difficult>
		<bndbox>
			<xmin>79</xmin>
			<ymin>64</ymin>
			<xmax>118</xmax>
			<ymax>133</ymax>
		</bndbox>
	</object>
	<object>
		<name>bk</name>
		<pose>Unspecified</pose>
		<truncated>0</truncated>
		<difficult>0</difficult>
		<bndbox>
			<xmin>164</xmin>
			<ymin>178</ymin>
			<xmax>205</xmax>
			<ymax>240</ymax>
		</bndbox>
	</object>
</annotation>
