<annotation>
	<folder>brick_kiln_txt&amp;XML</folder>
	<filename>2747_32.07119_74.316485.jpg</filename>
	<path>/home/usman/Documents/1 Senior/Sproj/latest/images_zoom17/brick_kiln_txt&amp;XML/2747_32.07119_74.316485.jpg</path>
	<source>
		<database>Unknown</database>
	</source>
	<size>
		<width>256</width>
		<height>256</height>
		<depth>3</depth>
	</size>
	<segmented>0</segmented>
	<object>
		<name>bk</name>
		<pose>Unspecified</pose>
		<truncated>0</truncated>
		<difficult>0</difficult>
		<bndbox>
			<xmin>91</xmin>
			<ymin>64</ymin>
			<xmax>125</xmax>
			<ymax>135</ymax>
		</bndbox>
	</object>
</annotation>
