<annotation>
	<folder>brick_kiln_txt&amp;XML</folder>
	<filename>2793_33.28815922_73.19377952.jpg</filename>
	<path>/home/usman/Documents/1 Senior/Sproj/latest/images_zoom17/brick_kiln_txt&amp;XML/2793_33.28815922_73.19377952.jpg</path>
	<source>
		<database>Unknown</database>
	</source>
	<size>
		<width>256</width>
		<height>256</height>
		<depth>3</depth>
	</size>
	<segmented>0</segmented>
	<object>
		<name>bk</name>
		<pose>Unspecified</pose>
		<truncated>0</truncated>
		<difficult>0</difficult>
		<bndbox>
			<xmin>167</xmin>
			<ymin>102</ymin>
			<xmax>221</xmax>
			<ymax>177</ymax>
		</bndbox>
	</object>
</annotation>
