<annotation>
	<folder>brick_kiln_txt&amp;XML</folder>
	<filename>2971_31.19765259_72.66819846.jpg</filename>
	<path>/home/usman/Documents/1 Senior/Sproj/latest/images_zoom17/brick_kiln_txt&amp;XML/2971_31.19765259_72.66819846.jpg</path>
	<source>
		<database>Unknown</database>
	</source>
	<size>
		<width>256</width>
		<height>256</height>
		<depth>3</depth>
	</size>
	<segmented>0</segmented>
	<object>
		<name>bk</name>
		<pose>Unspecified</pose>
		<truncated>0</truncated>
		<difficult>0</difficult>
		<bndbox>
			<xmin>115</xmin>
			<ymin>57</ymin>
			<xmax>167</xmax>
			<ymax>113</ymax>
		</bndbox>
	</object>
	<object>
		<name>bk</name>
		<pose>Unspecified</pose>
		<truncated>0</truncated>
		<difficult>0</difficult>
		<bndbox>
			<xmin>68</xmin>
			<ymin>4</ymin>
			<xmax>134</xmax>
			<ymax>72</ymax>
		</bndbox>
	</object>
</annotation>
