<annotation>
	<folder>brick_kiln_txt&amp;XML</folder>
	<filename>2987_30.46979783_73.05391329.jpg</filename>
	<path>/home/usman/Documents/1 Senior/Sproj/latest/images_zoom17/brick_kiln_txt&amp;XML/2987_30.46979783_73.05391329.jpg</path>
	<source>
		<database>Unknown</database>
	</source>
	<size>
		<width>256</width>
		<height>256</height>
		<depth>3</depth>
	</size>
	<segmented>0</segmented>
	<object>
		<name>bk</name>
		<pose>Unspecified</pose>
		<truncated>0</truncated>
		<difficult>0</difficult>
		<bndbox>
			<xmin>138</xmin>
			<ymin>151</ymin>
			<xmax>173</xmax>
			<ymax>234</ymax>
		</bndbox>
	</object>
</annotation>
