<annotation>
	<folder>brick_kiln</folder>
	<filename>298_30.70426667_72.5317.jpg</filename>
	<path>/home/usman/Documents/1 Senior/Sproj/latest/images_zoom17/brick_kiln/298_30.70426667_72.5317.jpg</path>
	<source>
		<database>Unknown</database>
	</source>
	<size>
		<width>256</width>
		<height>256</height>
		<depth>3</depth>
	</size>
	<segmented>0</segmented>
	<object>
		<name>bk</name>
		<pose>Unspecified</pose>
		<truncated>0</truncated>
		<difficult>0</difficult>
		<bndbox>
			<xmin>84</xmin>
			<ymin>80</ymin>
			<xmax>161</xmax>
			<ymax>151</ymax>
		</bndbox>
	</object>
</annotation>
