<annotation>
	<folder>brick_kiln_txt&amp;XML</folder>
	<filename>3021_29.27243248_71.08293125.jpg</filename>
	<path>/home/usman/Documents/1 Senior/Sproj/latest/images_zoom17/brick_kiln_txt&amp;XML/3021_29.27243248_71.08293125.jpg</path>
	<source>
		<database>Unknown</database>
	</source>
	<size>
		<width>256</width>
		<height>256</height>
		<depth>3</depth>
	</size>
	<segmented>0</segmented>
	<object>
		<name>bk</name>
		<pose>Unspecified</pose>
		<truncated>0</truncated>
		<difficult>0</difficult>
		<bndbox>
			<xmin>96</xmin>
			<ymin>63</ymin>
			<xmax>138</xmax>
			<ymax>119</ymax>
		</bndbox>
	</object>
	<object>
		<name>bk</name>
		<pose>Unspecified</pose>
		<truncated>0</truncated>
		<difficult>0</difficult>
		<bndbox>
			<xmin>186</xmin>
			<ymin>111</ymin>
			<xmax>225</xmax>
			<ymax>186</ymax>
		</bndbox>
	</object>
</annotation>
