<annotation>
	<folder>brick_kiln_txt&amp;XML</folder>
	<filename>3046_31.90602769_74.46916746.jpg</filename>
	<path>/home/usman/Documents/1 Senior/Sproj/latest/images_zoom17/brick_kiln_txt&amp;XML/3046_31.90602769_74.46916746.jpg</path>
	<source>
		<database>Unknown</database>
	</source>
	<size>
		<width>256</width>
		<height>256</height>
		<depth>3</depth>
	</size>
	<segmented>0</segmented>
	<object>
		<name>bk</name>
		<pose>Unspecified</pose>
		<truncated>1</truncated>
		<difficult>0</difficult>
		<bndbox>
			<xmin>1</xmin>
			<ymin>14</ymin>
			<xmax>82</xmax>
			<ymax>52</ymax>
		</bndbox>
	</object>
</annotation>
