<annotation>
	<folder>brick_kiln</folder>
	<filename>304_31.47630167_72.94834833.jpg</filename>
	<path>/home/usman/Documents/1 Senior/Sproj/latest/images_zoom17/brick_kiln/304_31.47630167_72.94834833.jpg</path>
	<source>
		<database>Unknown</database>
	</source>
	<size>
		<width>256</width>
		<height>256</height>
		<depth>3</depth>
	</size>
	<segmented>0</segmented>
	<object>
		<name>bk</name>
		<pose>Unspecified</pose>
		<truncated>0</truncated>
		<difficult>0</difficult>
		<bndbox>
			<xmin>49</xmin>
			<ymin>67</ymin>
			<xmax>140</xmax>
			<ymax>122</ymax>
		</bndbox>
	</object>
</annotation>
