<annotation>
	<folder>brick_kiln_txt&amp;XML</folder>
	<filename>3053_31.179085_70.97003333.jpg</filename>
	<path>/home/usman/Documents/1 Senior/Sproj/latest/images_zoom17/brick_kiln_txt&amp;XML/3053_31.179085_70.97003333.jpg</path>
	<source>
		<database>Unknown</database>
	</source>
	<size>
		<width>256</width>
		<height>256</height>
		<depth>3</depth>
	</size>
	<segmented>0</segmented>
	<object>
		<name>bk</name>
		<pose>Unspecified</pose>
		<truncated>0</truncated>
		<difficult>0</difficult>
		<bndbox>
			<xmin>54</xmin>
			<ymin>76</ymin>
			<xmax>140</xmax>
			<ymax>106</ymax>
		</bndbox>
	</object>
</annotation>
