<annotation>
	<folder>brick_kiln_txt&amp;XML</folder>
	<filename>3064_33.42313446_73.17831413.jpg</filename>
	<path>/home/usman/Documents/1 Senior/Sproj/latest/images_zoom17/brick_kiln_txt&amp;XML/3064_33.42313446_73.17831413.jpg</path>
	<source>
		<database>Unknown</database>
	</source>
	<size>
		<width>256</width>
		<height>256</height>
		<depth>3</depth>
	</size>
	<segmented>0</segmented>
	<object>
		<name>bk</name>
		<pose>Unspecified</pose>
		<truncated>0</truncated>
		<difficult>0</difficult>
		<bndbox>
			<xmin>47</xmin>
			<ymin>44</ymin>
			<xmax>89</xmax>
			<ymax>120</ymax>
		</bndbox>
	</object>
</annotation>
