<annotation>
	<folder>brick_kiln</folder>
	<filename>30_31.7439453_73.87953124.jpg</filename>
	<path>/home/usman/Documents/1 Senior/Sproj/latest/images_zoom17/brick_kiln/30_31.7439453_73.87953124.jpg</path>
	<source>
		<database>Unknown</database>
	</source>
	<size>
		<width>256</width>
		<height>256</height>
		<depth>3</depth>
	</size>
	<segmented>0</segmented>
	<object>
		<name>bk</name>
		<pose>Unspecified</pose>
		<truncated>0</truncated>
		<difficult>0</difficult>
		<bndbox>
			<xmin>63</xmin>
			<ymin>36</ymin>
			<xmax>150</xmax>
			<ymax>132</ymax>
		</bndbox>
	</object>
</annotation>
