<annotation>
	<folder>brick_kiln_txt&amp;XML</folder>
	<filename>3107_31.52718667_72.10153667.jpg</filename>
	<path>/home/usman/Documents/1 Senior/Sproj/latest/images_zoom17/brick_kiln_txt&amp;XML/3107_31.52718667_72.10153667.jpg</path>
	<source>
		<database>Unknown</database>
	</source>
	<size>
		<width>256</width>
		<height>256</height>
		<depth>3</depth>
	</size>
	<segmented>0</segmented>
	<object>
		<name>bk</name>
		<pose>Unspecified</pose>
		<truncated>1</truncated>
		<difficult>0</difficult>
		<bndbox>
			<xmin>78</xmin>
			<ymin>1</ymin>
			<xmax>118</xmax>
			<ymax>69</ymax>
		</bndbox>
	</object>
</annotation>
