<annotation>
	<folder>brick_kiln_txt&amp;XML</folder>
	<filename>3128_30.11080619_71.40497491.jpg</filename>
	<path>/home/usman/Documents/1 Senior/Sproj/latest/images_zoom17/brick_kiln_txt&amp;XML/3128_30.11080619_71.40497491.jpg</path>
	<source>
		<database>Unknown</database>
	</source>
	<size>
		<width>256</width>
		<height>256</height>
		<depth>3</depth>
	</size>
	<segmented>0</segmented>
	<object>
		<name>bk</name>
		<pose>Unspecified</pose>
		<truncated>0</truncated>
		<difficult>0</difficult>
		<bndbox>
			<xmin>27</xmin>
			<ymin>44</ymin>
			<xmax>122</xmax>
			<ymax>78</ymax>
		</bndbox>
	</object>
	<object>
		<name>bk</name>
		<pose>Unspecified</pose>
		<truncated>0</truncated>
		<difficult>0</difficult>
		<bndbox>
			<xmin>54</xmin>
			<ymin>128</ymin>
			<xmax>131</xmax>
			<ymax>155</ymax>
		</bndbox>
	</object>
</annotation>
