<annotation>
	<folder>brick_kiln_txt&amp;XML</folder>
	<filename>3131_31.19839833_72.66745.jpg</filename>
	<path>/home/usman/Documents/1 Senior/Sproj/latest/images_zoom17/brick_kiln_txt&amp;XML/3131_31.19839833_72.66745.jpg</path>
	<source>
		<database>Unknown</database>
	</source>
	<size>
		<width>256</width>
		<height>256</height>
		<depth>3</depth>
	</size>
	<segmented>0</segmented>
	<object>
		<name>bk</name>
		<pose>Unspecified</pose>
		<truncated>0</truncated>
		<difficult>0</difficult>
		<bndbox>
			<xmin>187</xmin>
			<ymin>135</ymin>
			<xmax>239</xmax>
			<ymax>194</ymax>
		</bndbox>
	</object>
	<object>
		<name>bk</name>
		<pose>Unspecified</pose>
		<truncated>0</truncated>
		<difficult>0</difficult>
		<bndbox>
			<xmin>137</xmin>
			<ymin>78</ymin>
			<xmax>207</xmax>
			<ymax>153</ymax>
		</bndbox>
	</object>
</annotation>
