<annotation>
	<folder>brick_kiln_imagery_0053_2</folder>
	<filename>3156_31.23923833_70.92500667.jpg</filename>
	<path>E:\SPROJ\brick_kiln_imagery_0053_2\3156_31.23923833_70.92500667.jpg</path>
	<source>
		<database>Unknown</database>
	</source>
	<size>
		<width>256</width>
		<height>256</height>
		<depth>3</depth>
	</size>
	<segmented>0</segmented>
	<object>
		<name>bk</name>
		<pose>Unspecified</pose>
		<truncated>0</truncated>
		<difficult>0</difficult>
		<bndbox>
			<xmin>131</xmin>
			<ymin>124</ymin>
			<xmax>172</xmax>
			<ymax>195</ymax>
		</bndbox>
	</object>
</annotation>
