<annotation>
	<folder>brick_kiln_imagery_0053_2</folder>
	<filename>3170_30.73267925_73.297953.jpg</filename>
	<path>E:\SPROJ\brick_kiln_imagery_0053_2\3170_30.73267925_73.297953.jpg</path>
	<source>
		<database>Unknown</database>
	</source>
	<size>
		<width>256</width>
		<height>256</height>
		<depth>3</depth>
	</size>
	<segmented>0</segmented>
	<object>
		<name>bk</name>
		<pose>Unspecified</pose>
		<truncated>0</truncated>
		<difficult>0</difficult>
		<bndbox>
			<xmin>86</xmin>
			<ymin>140</ymin>
			<xmax>119</xmax>
			<ymax>229</ymax>
		</bndbox>
	</object>
</annotation>
