<annotation>
	<folder>brick_kiln_imagery_0053_2</folder>
	<filename>3171_30.101535_71.37675.jpg</filename>
	<path>E:\SPROJ\brick_kiln_imagery_0053_2\3171_30.101535_71.37675.jpg</path>
	<source>
		<database>Unknown</database>
	</source>
	<size>
		<width>256</width>
		<height>256</height>
		<depth>3</depth>
	</size>
	<segmented>0</segmented>
	<object>
		<name>bk</name>
		<pose>Unspecified</pose>
		<truncated>0</truncated>
		<difficult>0</difficult>
		<bndbox>
			<xmin>71</xmin>
			<ymin>35</ymin>
			<xmax>114</xmax>
			<ymax>130</ymax>
		</bndbox>
	</object>
</annotation>
