<annotation>
	<folder>brick_kiln_imagery_0053_2</folder>
	<filename>3173_29.85565_71.92893333.jpg</filename>
	<path>E:\SPROJ\brick_kiln_imagery_0053_2\3173_29.85565_71.92893333.jpg</path>
	<source>
		<database>Unknown</database>
	</source>
	<size>
		<width>256</width>
		<height>256</height>
		<depth>3</depth>
	</size>
	<segmented>0</segmented>
	<object>
		<name>bk</name>
		<pose>Unspecified</pose>
		<truncated>0</truncated>
		<difficult>0</difficult>
		<bndbox>
			<xmin>80</xmin>
			<ymin>135</ymin>
			<xmax>127</xmax>
			<ymax>223</ymax>
		</bndbox>
	</object>
</annotation>
