<annotation>
	<folder>brick_kiln_imagery_0053_2</folder>
	<filename>3181_31.07895_73.85866833.jpg</filename>
	<path>E:\SPROJ\brick_kiln_imagery_0053_2\3181_31.07895_73.85866833.jpg</path>
	<source>
		<database>Unknown</database>
	</source>
	<size>
		<width>256</width>
		<height>256</height>
		<depth>3</depth>
	</size>
	<segmented>0</segmented>
	<object>
		<name>bk</name>
		<pose>Unspecified</pose>
		<truncated>0</truncated>
		<difficult>0</difficult>
		<bndbox>
			<xmin>41</xmin>
			<ymin>125</ymin>
			<xmax>139</xmax>
			<ymax>190</ymax>
		</bndbox>
	</object>
</annotation>
