<annotation>
	<folder>brick_kiln_imagery_0053_2</folder>
	<filename>3192_28.28776333_70.05546167.jpg</filename>
	<path>E:\SPROJ\brick_kiln_imagery_0053_2\3192_28.28776333_70.05546167.jpg</path>
	<source>
		<database>Unknown</database>
	</source>
	<size>
		<width>256</width>
		<height>256</height>
		<depth>3</depth>
	</size>
	<segmented>0</segmented>
	<object>
		<name>bk</name>
		<pose>Unspecified</pose>
		<truncated>1</truncated>
		<difficult>0</difficult>
		<bndbox>
			<xmin>1</xmin>
			<ymin>119</ymin>
			<xmax>47</xmax>
			<ymax>202</ymax>
		</bndbox>
	</object>
</annotation>
