<annotation>
	<folder>brick_kiln_imagery_0053_2</folder>
	<filename>3217_31.91535384_72.6533934.jpg</filename>
	<path>E:\SPROJ\brick_kiln_imagery_0053_2\3217_31.91535384_72.6533934.jpg</path>
	<source>
		<database>Unknown</database>
	</source>
	<size>
		<width>256</width>
		<height>256</height>
		<depth>3</depth>
	</size>
	<segmented>0</segmented>
	<object>
		<name>bk</name>
		<pose>Unspecified</pose>
		<truncated>0</truncated>
		<difficult>0</difficult>
		<bndbox>
			<xmin>136</xmin>
			<ymin>60</ymin>
			<xmax>219</xmax>
			<ymax>149</ymax>
		</bndbox>
	</object>
</annotation>
