<annotation>
	<folder>brick_kiln_imagery_0053_2</folder>
	<filename>3223_30.966175_71.03440667.jpg</filename>
	<path>E:\SPROJ\brick_kiln_imagery_0053_2\3223_30.966175_71.03440667.jpg</path>
	<source>
		<database>Unknown</database>
	</source>
	<size>
		<width>256</width>
		<height>256</height>
		<depth>3</depth>
	</size>
	<segmented>0</segmented>
	<object>
		<name>bk</name>
		<pose>Unspecified</pose>
		<truncated>0</truncated>
		<difficult>0</difficult>
		<bndbox>
			<xmin>134</xmin>
			<ymin>11</ymin>
			<xmax>168</xmax>
			<ymax>108</ymax>
		</bndbox>
	</object>
	<object>
		<name>bk</name>
		<pose>Unspecified</pose>
		<truncated>0</truncated>
		<difficult>0</difficult>
		<bndbox>
			<xmin>134</xmin>
			<ymin>111</ymin>
			<xmax>169</xmax>
			<ymax>191</ymax>
		</bndbox>
	</object>
</annotation>
