<annotation>
	<folder>brick_kiln_imagery_0053_2</folder>
	<filename>3226_31.246185_72.327655.jpg</filename>
	<path>E:\SPROJ\brick_kiln_imagery_0053_2\3226_31.246185_72.327655.jpg</path>
	<source>
		<database>Unknown</database>
	</source>
	<size>
		<width>256</width>
		<height>256</height>
		<depth>3</depth>
	</size>
	<segmented>0</segmented>
	<object>
		<name>bk</name>
		<pose>Unspecified</pose>
		<truncated>0</truncated>
		<difficult>0</difficult>
		<bndbox>
			<xmin>110</xmin>
			<ymin>143</ymin>
			<xmax>153</xmax>
			<ymax>213</ymax>
		</bndbox>
	</object>
</annotation>
