<annotation>
	<folder>brick_kiln_imagery_0053_2</folder>
	<filename>3230_32.46752833_73.77052167.jpg</filename>
	<path>E:\SPROJ\brick_kiln_imagery_0053_2\3230_32.46752833_73.77052167.jpg</path>
	<source>
		<database>Unknown</database>
	</source>
	<size>
		<width>256</width>
		<height>256</height>
		<depth>3</depth>
	</size>
	<segmented>0</segmented>
	<object>
		<name>bk</name>
		<pose>Unspecified</pose>
		<truncated>0</truncated>
		<difficult>0</difficult>
		<bndbox>
			<xmin>31</xmin>
			<ymin>104</ymin>
			<xmax>112</xmax>
			<ymax>137</ymax>
		</bndbox>
	</object>
</annotation>
