<annotation>
	<folder>brick_kiln_imagery_0053_2</folder>
	<filename>3239_31.09642328_74.45563659.jpg</filename>
	<path>E:\SPROJ\brick_kiln_imagery_0053_2\3239_31.09642328_74.45563659.jpg</path>
	<source>
		<database>Unknown</database>
	</source>
	<size>
		<width>256</width>
		<height>256</height>
		<depth>3</depth>
	</size>
	<segmented>0</segmented>
	<object>
		<name>bk</name>
		<pose>Unspecified</pose>
		<truncated>0</truncated>
		<difficult>0</difficult>
		<bndbox>
			<xmin>133</xmin>
			<ymin>136</ymin>
			<xmax>179</xmax>
			<ymax>238</ymax>
		</bndbox>
	</object>
</annotation>
