<annotation>
	<folder>brick_kiln</folder>
	<filename>323_31.50905_73.39655333.jpg</filename>
	<path>/home/usman/Documents/1 Senior/Sproj/latest/images_zoom17/brick_kiln/323_31.50905_73.39655333.jpg</path>
	<source>
		<database>Unknown</database>
	</source>
	<size>
		<width>256</width>
		<height>256</height>
		<depth>3</depth>
	</size>
	<segmented>0</segmented>
	<object>
		<name>bk</name>
		<pose>Unspecified</pose>
		<truncated>0</truncated>
		<difficult>0</difficult>
		<bndbox>
			<xmin>44</xmin>
			<ymin>84</ymin>
			<xmax>121</xmax>
			<ymax>156</ymax>
		</bndbox>
	</object>
</annotation>
