<annotation>
	<folder>brick_kiln_imagery_0053_2</folder>
	<filename>3243_30.00850478_71.73016775.jpg</filename>
	<path>E:\SPROJ\brick_kiln_imagery_0053_2\3243_30.00850478_71.73016775.jpg</path>
	<source>
		<database>Unknown</database>
	</source>
	<size>
		<width>256</width>
		<height>256</height>
		<depth>3</depth>
	</size>
	<segmented>0</segmented>
	<object>
		<name>bk</name>
		<pose>Unspecified</pose>
		<truncated>0</truncated>
		<difficult>0</difficult>
		<bndbox>
			<xmin>111</xmin>
			<ymin>125</ymin>
			<xmax>136</xmax>
			<ymax>188</ymax>
		</bndbox>
	</object>
</annotation>
