<annotation>
	<folder>brick_kiln</folder>
	<filename>325_31.87031363_74.36974645.jpg</filename>
	<path>/home/usman/Documents/1 Senior/Sproj/latest/images_zoom17/brick_kiln/325_31.87031363_74.36974645.jpg</path>
	<source>
		<database>Unknown</database>
	</source>
	<size>
		<width>256</width>
		<height>256</height>
		<depth>3</depth>
	</size>
	<segmented>0</segmented>
	<object>
		<name>bk</name>
		<pose>Unspecified</pose>
		<truncated>0</truncated>
		<difficult>0</difficult>
		<bndbox>
			<xmin>39</xmin>
			<ymin>61</ymin>
			<xmax>103</xmax>
			<ymax>177</ymax>
		</bndbox>
	</object>
</annotation>
