<annotation>
	<folder>brick_kiln_imagery_0053_2</folder>
	<filename>3262_32.945275_73.669025.jpg</filename>
	<path>E:\SPROJ\brick_kiln_imagery_0053_2\3262_32.945275_73.669025.jpg</path>
	<source>
		<database>Unknown</database>
	</source>
	<size>
		<width>256</width>
		<height>256</height>
		<depth>3</depth>
	</size>
	<segmented>0</segmented>
	<object>
		<name>bk</name>
		<pose>Unspecified</pose>
		<truncated>0</truncated>
		<difficult>0</difficult>
		<bndbox>
			<xmin>37</xmin>
			<ymin>145</ymin>
			<xmax>72</xmax>
			<ymax>223</ymax>
		</bndbox>
	</object>
</annotation>
