<annotation>
	<folder>brick_kiln_imagery_0053_2</folder>
	<filename>3285_32.59254746_73.73575253.jpg</filename>
	<path>E:\SPROJ\brick_kiln_imagery_0053_2\3285_32.59254746_73.73575253.jpg</path>
	<source>
		<database>Unknown</database>
	</source>
	<size>
		<width>256</width>
		<height>256</height>
		<depth>3</depth>
	</size>
	<segmented>0</segmented>
	<object>
		<name>bk</name>
		<pose>Unspecified</pose>
		<truncated>0</truncated>
		<difficult>0</difficult>
		<bndbox>
			<xmin>76</xmin>
			<ymin>180</ymin>
			<xmax>159</xmax>
			<ymax>219</ymax>
		</bndbox>
	</object>
</annotation>
