<annotation>
	<folder>brick_kiln_imagery_0053_2</folder>
	<filename>3289_29.75381611_70.60854946.jpg</filename>
	<path>E:\SPROJ\brick_kiln_imagery_0053_2\3289_29.75381611_70.60854946.jpg</path>
	<source>
		<database>Unknown</database>
	</source>
	<size>
		<width>256</width>
		<height>256</height>
		<depth>3</depth>
	</size>
	<segmented>0</segmented>
	<object>
		<name>bk</name>
		<pose>Unspecified</pose>
		<truncated>0</truncated>
		<difficult>0</difficult>
		<bndbox>
			<xmin>72</xmin>
			<ymin>10</ymin>
			<xmax>102</xmax>
			<ymax>77</ymax>
		</bndbox>
	</object>
	<object>
		<name>bk</name>
		<pose>Unspecified</pose>
		<truncated>0</truncated>
		<difficult>0</difficult>
		<bndbox>
			<xmin>65</xmin>
			<ymin>91</ymin>
			<xmax>132</xmax>
			<ymax>124</ymax>
		</bndbox>
	</object>
</annotation>
