<annotation>
	<folder>brick_kiln_imagery_0053_2</folder>
	<filename>3294_32.01016975_72.71445269.jpg</filename>
	<path>E:\SPROJ\brick_kiln_imagery_0053_2\3294_32.01016975_72.71445269.jpg</path>
	<source>
		<database>Unknown</database>
	</source>
	<size>
		<width>256</width>
		<height>256</height>
		<depth>3</depth>
	</size>
	<segmented>0</segmented>
	<object>
		<name>bk</name>
		<pose>Unspecified</pose>
		<truncated>0</truncated>
		<difficult>0</difficult>
		<bndbox>
			<xmin>54</xmin>
			<ymin>100</ymin>
			<xmax>117</xmax>
			<ymax>175</ymax>
		</bndbox>
	</object>
</annotation>
