<annotation>
	<folder>brick_kiln_imagery_0053_2</folder>
	<filename>3299_31.2778302_74.10872778.jpg</filename>
	<path>E:\SPROJ\brick_kiln_imagery_0053_2\3299_31.2778302_74.10872778.jpg</path>
	<source>
		<database>Unknown</database>
	</source>
	<size>
		<width>256</width>
		<height>256</height>
		<depth>3</depth>
	</size>
	<segmented>0</segmented>
	<object>
		<name>bk</name>
		<pose>Unspecified</pose>
		<truncated>0</truncated>
		<difficult>0</difficult>
		<bndbox>
			<xmin>23</xmin>
			<ymin>34</ymin>
			<xmax>99</xmax>
			<ymax>124</ymax>
		</bndbox>
	</object>
	<object>
		<name>bk</name>
		<pose>Unspecified</pose>
		<truncated>0</truncated>
		<difficult>0</difficult>
		<bndbox>
			<xmin>86</xmin>
			<ymin>74</ymin>
			<xmax>151</xmax>
			<ymax>167</ymax>
		</bndbox>
	</object>
</annotation>
