<annotation>
	<folder>brick_kiln_imagery_0053_2</folder>
	<filename>3304_29.91398116_72.36622491.jpg</filename>
	<path>E:\SPROJ\brick_kiln_imagery_0053_2\3304_29.91398116_72.36622491.jpg</path>
	<source>
		<database>Unknown</database>
	</source>
	<size>
		<width>256</width>
		<height>256</height>
		<depth>3</depth>
	</size>
	<segmented>0</segmented>
	<object>
		<name>bk</name>
		<pose>Unspecified</pose>
		<truncated>0</truncated>
		<difficult>0</difficult>
		<bndbox>
			<xmin>151</xmin>
			<ymin>72</ymin>
			<xmax>181</xmax>
			<ymax>140</ymax>
		</bndbox>
	</object>
</annotation>
