<annotation>
	<folder>brick_kiln_imagery_0053_2</folder>
	<filename>3305_32.30855906_71.90792531.jpg</filename>
	<path>E:\SPROJ\brick_kiln_imagery_0053_2\3305_32.30855906_71.90792531.jpg</path>
	<source>
		<database>Unknown</database>
	</source>
	<size>
		<width>256</width>
		<height>256</height>
		<depth>3</depth>
	</size>
	<segmented>0</segmented>
	<object>
		<name>bk</name>
		<pose>Unspecified</pose>
		<truncated>0</truncated>
		<difficult>0</difficult>
		<bndbox>
			<xmin>85</xmin>
			<ymin>105</ymin>
			<xmax>147</xmax>
			<ymax>183</ymax>
		</bndbox>
	</object>
</annotation>
