<annotation>
	<folder>brick_kiln_imagery_0053_2</folder>
	<filename>3307_33.6131082_72.80588401.jpg</filename>
	<path>E:\SPROJ\brick_kiln_imagery_0053_2\3307_33.6131082_72.80588401.jpg</path>
	<source>
		<database>Unknown</database>
	</source>
	<size>
		<width>256</width>
		<height>256</height>
		<depth>3</depth>
	</size>
	<segmented>0</segmented>
	<object>
		<name>bk</name>
		<pose>Unspecified</pose>
		<truncated>0</truncated>
		<difficult>0</difficult>
		<bndbox>
			<xmin>39</xmin>
			<ymin>73</ymin>
			<xmax>125</xmax>
			<ymax>123</ymax>
		</bndbox>
	</object>
</annotation>
