<annotation>
	<folder>brick_kiln_imagery_0053_2</folder>
	<filename>3317_30.77096474_73.28014007.jpg</filename>
	<path>E:\SPROJ\brick_kiln_imagery_0053_2\3317_30.77096474_73.28014007.jpg</path>
	<source>
		<database>Unknown</database>
	</source>
	<size>
		<width>256</width>
		<height>256</height>
		<depth>3</depth>
	</size>
	<segmented>0</segmented>
	<object>
		<name>bk</name>
		<pose>Unspecified</pose>
		<truncated>0</truncated>
		<difficult>0</difficult>
		<bndbox>
			<xmin>104</xmin>
			<ymin>118</ymin>
			<xmax>189</xmax>
			<ymax>145</ymax>
		</bndbox>
	</object>
</annotation>
