<annotation>
	<folder>brick_kiln_imagery_0053_2</folder>
	<filename>3318_32.50407167_73.42833667.jpg</filename>
	<path>E:\SPROJ\brick_kiln_imagery_0053_2\3318_32.50407167_73.42833667.jpg</path>
	<source>
		<database>Unknown</database>
	</source>
	<size>
		<width>256</width>
		<height>256</height>
		<depth>3</depth>
	</size>
	<segmented>0</segmented>
	<object>
		<name>bk</name>
		<pose>Unspecified</pose>
		<truncated>0</truncated>
		<difficult>0</difficult>
		<bndbox>
			<xmin>117</xmin>
			<ymin>132</ymin>
			<xmax>201</xmax>
			<ymax>168</ymax>
		</bndbox>
	</object>
</annotation>
