<annotation>
	<folder>brick_kiln_imagery_0053_2</folder>
	<filename>3319_32.23207169_71.32785255.jpg</filename>
	<path>E:\SPROJ\brick_kiln_imagery_0053_2\3319_32.23207169_71.32785255.jpg</path>
	<source>
		<database>Unknown</database>
	</source>
	<size>
		<width>256</width>
		<height>256</height>
		<depth>3</depth>
	</size>
	<segmented>0</segmented>
	<object>
		<name>bk</name>
		<pose>Unspecified</pose>
		<truncated>0</truncated>
		<difficult>0</difficult>
		<bndbox>
			<xmin>87</xmin>
			<ymin>115</ymin>
			<xmax>171</xmax>
			<ymax>149</ymax>
		</bndbox>
	</object>
</annotation>
