<annotation>
	<folder>brick_kiln_imagery_0053_2</folder>
	<filename>3323_31.62378721_74.49791928.jpg</filename>
	<path>E:\SPROJ\brick_kiln_imagery_0053_2\3323_31.62378721_74.49791928.jpg</path>
	<source>
		<database>Unknown</database>
	</source>
	<size>
		<width>256</width>
		<height>256</height>
		<depth>3</depth>
	</size>
	<segmented>0</segmented>
	<object>
		<name>bk</name>
		<pose>Unspecified</pose>
		<truncated>0</truncated>
		<difficult>0</difficult>
		<bndbox>
			<xmin>154</xmin>
			<ymin>108</ymin>
			<xmax>199</xmax>
			<ymax>212</ymax>
		</bndbox>
	</object>
</annotation>
