<annotation>
	<folder>brick_kiln_imagery_0053_2</folder>
	<filename>3349_31.82497833_73.36930167.jpg</filename>
	<path>E:\SPROJ\brick_kiln_imagery_0053_2\3349_31.82497833_73.36930167.jpg</path>
	<source>
		<database>Unknown</database>
	</source>
	<size>
		<width>256</width>
		<height>256</height>
		<depth>3</depth>
	</size>
	<segmented>0</segmented>
	<object>
		<name>bk</name>
		<pose>Unspecified</pose>
		<truncated>0</truncated>
		<difficult>0</difficult>
		<bndbox>
			<xmin>177</xmin>
			<ymin>64</ymin>
			<xmax>217</xmax>
			<ymax>138</ymax>
		</bndbox>
	</object>
</annotation>
