<annotation>
	<folder>brick_kiln</folder>
	<filename>334_30.86939926_72.57229.jpg</filename>
	<path>/home/usman/Documents/1 Senior/Sproj/latest/images_zoom17/brick_kiln/334_30.86939926_72.57229.jpg</path>
	<source>
		<database>Unknown</database>
	</source>
	<size>
		<width>256</width>
		<height>256</height>
		<depth>3</depth>
	</size>
	<segmented>0</segmented>
	<object>
		<name>bk</name>
		<pose>Unspecified</pose>
		<truncated>0</truncated>
		<difficult>0</difficult>
		<bndbox>
			<xmin>48</xmin>
			<ymin>100</ymin>
			<xmax>119</xmax>
			<ymax>158</ymax>
		</bndbox>
	</object>
</annotation>
