<annotation>
	<folder>brick_kiln_imagery_0053_2</folder>
	<filename>3354_31.74468167_71.10108333.jpg</filename>
	<path>E:\SPROJ\brick_kiln_imagery_0053_2\3354_31.74468167_71.10108333.jpg</path>
	<source>
		<database>Unknown</database>
	</source>
	<size>
		<width>256</width>
		<height>256</height>
		<depth>3</depth>
	</size>
	<segmented>0</segmented>
	<object>
		<name>bk</name>
		<pose>Unspecified</pose>
		<truncated>0</truncated>
		<difficult>0</difficult>
		<bndbox>
			<xmin>78</xmin>
			<ymin>127</ymin>
			<xmax>118</xmax>
			<ymax>224</ymax>
		</bndbox>
	</object>
</annotation>
