<annotation>
	<folder>brick_kiln</folder>
	<filename>335_32.03742171_74.48305717.jpg</filename>
	<path>/home/usman/Documents/1 Senior/Sproj/latest/images_zoom17/brick_kiln/335_32.03742171_74.48305717.jpg</path>
	<source>
		<database>Unknown</database>
	</source>
	<size>
		<width>256</width>
		<height>256</height>
		<depth>3</depth>
	</size>
	<segmented>0</segmented>
	<object>
		<name>bk</name>
		<pose>Unspecified</pose>
		<truncated>0</truncated>
		<difficult>0</difficult>
		<bndbox>
			<xmin>89</xmin>
			<ymin>105</ymin>
			<xmax>168</xmax>
			<ymax>149</ymax>
		</bndbox>
	</object>
</annotation>
