<annotation>
	<folder>brick_kiln_imagery_0053_2</folder>
	<filename>3367_30.81312667_71.83985667.jpg</filename>
	<path>E:\SPROJ\brick_kiln_imagery_0053_2\3367_30.81312667_71.83985667.jpg</path>
	<source>
		<database>Unknown</database>
	</source>
	<size>
		<width>256</width>
		<height>256</height>
		<depth>3</depth>
	</size>
	<segmented>0</segmented>
	<object>
		<name>bk</name>
		<pose>Unspecified</pose>
		<truncated>0</truncated>
		<difficult>0</difficult>
		<bndbox>
			<xmin>134</xmin>
			<ymin>53</ymin>
			<xmax>167</xmax>
			<ymax>130</ymax>
		</bndbox>
	</object>
</annotation>
