<annotation>
	<folder>brick_kiln_imagery_0053_2</folder>
	<filename>3373_31.17395667_72.60960333.jpg</filename>
	<path>E:\SPROJ\brick_kiln_imagery_0053_2\3373_31.17395667_72.60960333.jpg</path>
	<source>
		<database>Unknown</database>
	</source>
	<size>
		<width>256</width>
		<height>256</height>
		<depth>3</depth>
	</size>
	<segmented>0</segmented>
	<object>
		<name>bk</name>
		<pose>Unspecified</pose>
		<truncated>0</truncated>
		<difficult>0</difficult>
		<bndbox>
			<xmin>101</xmin>
			<ymin>52</ymin>
			<xmax>168</xmax>
			<ymax>119</ymax>
		</bndbox>
	</object>
</annotation>
