<annotation>
	<folder>brick_kiln</folder>
	<filename>354_30.82513779_72.40738466.jpg</filename>
	<path>/home/usman/Documents/1 Senior/Sproj/latest/images_zoom17/brick_kiln/354_30.82513779_72.40738466.jpg</path>
	<source>
		<database>Unknown</database>
	</source>
	<size>
		<width>256</width>
		<height>256</height>
		<depth>3</depth>
	</size>
	<segmented>0</segmented>
	<object>
		<name>bk</name>
		<pose>Unspecified</pose>
		<truncated>0</truncated>
		<difficult>0</difficult>
		<bndbox>
			<xmin>68</xmin>
			<ymin>103</ymin>
			<xmax>131</xmax>
			<ymax>175</ymax>
		</bndbox>
	</object>
</annotation>
