<annotation>
	<folder>brick_kiln</folder>
	<filename>361_32.28168_73.21805667.jpg</filename>
	<path>/home/usman/Documents/1 Senior/Sproj/latest/images_zoom17/brick_kiln/361_32.28168_73.21805667.jpg</path>
	<source>
		<database>Unknown</database>
	</source>
	<size>
		<width>256</width>
		<height>256</height>
		<depth>3</depth>
	</size>
	<segmented>0</segmented>
	<object>
		<name>bk</name>
		<pose>Unspecified</pose>
		<truncated>0</truncated>
		<difficult>0</difficult>
		<bndbox>
			<xmin>112</xmin>
			<ymin>86</ymin>
			<xmax>190</xmax>
			<ymax>130</ymax>
		</bndbox>
	</object>
</annotation>
