<annotation>
	<folder>brick_kiln</folder>
	<filename>365_30.36805667_73.26266333.jpg</filename>
	<path>/home/usman/Documents/1 Senior/Sproj/latest/images_zoom17/brick_kiln/365_30.36805667_73.26266333.jpg</path>
	<source>
		<database>Unknown</database>
	</source>
	<size>
		<width>256</width>
		<height>256</height>
		<depth>3</depth>
	</size>
	<segmented>0</segmented>
	<object>
		<name>bk</name>
		<pose>Unspecified</pose>
		<truncated>0</truncated>
		<difficult>0</difficult>
		<bndbox>
			<xmin>45</xmin>
			<ymin>82</ymin>
			<xmax>138</xmax>
			<ymax>127</ymax>
		</bndbox>
	</object>
</annotation>
