<annotation>
	<folder>brick_kiln</folder>
	<filename>370_32.91621489_72.84378365.jpg</filename>
	<path>/home/usman/Documents/1 Senior/Sproj/latest/images_zoom17/brick_kiln/370_32.91621489_72.84378365.jpg</path>
	<source>
		<database>Unknown</database>
	</source>
	<size>
		<width>256</width>
		<height>256</height>
		<depth>3</depth>
	</size>
	<segmented>0</segmented>
	<object>
		<name>bk</name>
		<pose>Unspecified</pose>
		<truncated>0</truncated>
		<difficult>0</difficult>
		<bndbox>
			<xmin>80</xmin>
			<ymin>139</ymin>
			<xmax>120</xmax>
			<ymax>218</ymax>
		</bndbox>
	</object>
</annotation>
