<annotation>
	<folder>brick_kiln</folder>
	<filename>387_31.07978_74.145655.jpg</filename>
	<path>/home/usman/Documents/1 Senior/Sproj/latest/images_zoom17/brick_kiln/387_31.07978_74.145655.jpg</path>
	<source>
		<database>Unknown</database>
	</source>
	<size>
		<width>256</width>
		<height>256</height>
		<depth>3</depth>
	</size>
	<segmented>0</segmented>
	<object>
		<name>bk</name>
		<pose>Unspecified</pose>
		<truncated>0</truncated>
		<difficult>0</difficult>
		<bndbox>
			<xmin>77</xmin>
			<ymin>137</ymin>
			<xmax>137</xmax>
			<ymax>217</ymax>
		</bndbox>
	</object>
</annotation>
