<annotation>
	<folder>brick_kiln</folder>
	<filename>3_30.45188502_70.727373.jpg</filename>
	<path>/home/usman/Documents/1 Senior/Sproj/latest/images_zoom17/brick_kiln/3_30.45188502_70.727373.jpg</path>
	<source>
		<database>Unknown</database>
	</source>
	<size>
		<width>256</width>
		<height>256</height>
		<depth>3</depth>
	</size>
	<segmented>0</segmented>
	<object>
		<name>bk</name>
		<pose>Unspecified</pose>
		<truncated>0</truncated>
		<difficult>0</difficult>
		<bndbox>
			<xmin>135</xmin>
			<ymin>75</ymin>
			<xmax>176</xmax>
			<ymax>162</ymax>
		</bndbox>
	</object>
</annotation>
