<annotation>
	<folder>brick_kiln</folder>
	<filename>415_31.954565_74.24163.jpg</filename>
	<path>/home/usman/Documents/1 Senior/Sproj/latest/images_zoom17/brick_kiln/415_31.954565_74.24163.jpg</path>
	<source>
		<database>Unknown</database>
	</source>
	<size>
		<width>256</width>
		<height>256</height>
		<depth>3</depth>
	</size>
	<segmented>0</segmented>
	<object>
		<name>bk</name>
		<pose>Unspecified</pose>
		<truncated>0</truncated>
		<difficult>0</difficult>
		<bndbox>
			<xmin>118</xmin>
			<ymin>68</ymin>
			<xmax>159</xmax>
			<ymax>145</ymax>
		</bndbox>
	</object>
</annotation>
