<annotation>
	<folder>brick_kiln</folder>
	<filename>418_32.09435163_74.92782429.jpg</filename>
	<path>/home/usman/Documents/1 Senior/Sproj/latest/images_zoom17/brick_kiln/418_32.09435163_74.92782429.jpg</path>
	<source>
		<database>Unknown</database>
	</source>
	<size>
		<width>256</width>
		<height>256</height>
		<depth>3</depth>
	</size>
	<segmented>0</segmented>
	<object>
		<name>bk</name>
		<pose>Unspecified</pose>
		<truncated>1</truncated>
		<difficult>0</difficult>
		<bndbox>
			<xmin>1</xmin>
			<ymin>158</ymin>
			<xmax>32</xmax>
			<ymax>234</ymax>
		</bndbox>
	</object>
	<object>
		<name>bk</name>
		<pose>Unspecified</pose>
		<truncated>0</truncated>
		<difficult>0</difficult>
		<bndbox>
			<xmin>54</xmin>
			<ymin>168</ymin>
			<xmax>138</xmax>
			<ymax>212</ymax>
		</bndbox>
	</object>
	<object>
		<name>bk</name>
		<pose>Unspecified</pose>
		<truncated>0</truncated>
		<difficult>0</difficult>
		<bndbox>
			<xmin>96</xmin>
			<ymin>64</ymin>
			<xmax>168</xmax>
			<ymax>112</ymax>
		</bndbox>
	</object>
</annotation>
