<annotation>
	<folder>brick_kiln</folder>
	<filename>420_30.9494425_73.44342392.jpg</filename>
	<path>/home/usman/Documents/1 Senior/Sproj/latest/images_zoom17/brick_kiln/420_30.9494425_73.44342392.jpg</path>
	<source>
		<database>Unknown</database>
	</source>
	<size>
		<width>256</width>
		<height>256</height>
		<depth>3</depth>
	</size>
	<segmented>0</segmented>
	<object>
		<name>bk</name>
		<pose>Unspecified</pose>
		<truncated>0</truncated>
		<difficult>0</difficult>
		<bndbox>
			<xmin>98</xmin>
			<ymin>114</ymin>
			<xmax>189</xmax>
			<ymax>158</ymax>
		</bndbox>
	</object>
</annotation>
