<annotation>
	<folder>brick_kiln</folder>
	<filename>425_31.58880297_74.51443933.jpg</filename>
	<path>/home/usman/Documents/1 Senior/Sproj/latest/images_zoom17/brick_kiln/425_31.58880297_74.51443933.jpg</path>
	<source>
		<database>Unknown</database>
	</source>
	<size>
		<width>256</width>
		<height>256</height>
		<depth>3</depth>
	</size>
	<segmented>0</segmented>
	<object>
		<name>bk</name>
		<pose>Unspecified</pose>
		<truncated>0</truncated>
		<difficult>0</difficult>
		<bndbox>
			<xmin>150</xmin>
			<ymin>140</ymin>
			<xmax>203</xmax>
			<ymax>240</ymax>
		</bndbox>
	</object>
</annotation>
