<annotation>
	<folder>brick_kiln</folder>
	<filename>435_30.68442919_70.94005407.jpg</filename>
	<path>/home/usman/Documents/1 Senior/Sproj/latest/images_zoom17/brick_kiln/435_30.68442919_70.94005407.jpg</path>
	<source>
		<database>Unknown</database>
	</source>
	<size>
		<width>256</width>
		<height>256</height>
		<depth>3</depth>
	</size>
	<segmented>0</segmented>
	<object>
		<name>bk</name>
		<pose>Unspecified</pose>
		<truncated>0</truncated>
		<difficult>0</difficult>
		<bndbox>
			<xmin>50</xmin>
			<ymin>112</ymin>
			<xmax>134</xmax>
			<ymax>145</ymax>
		</bndbox>
	</object>
</annotation>
