<annotation>
	<folder>brick_kiln</folder>
	<filename>458_31.4221859_73.56518269.jpg</filename>
	<path>/home/usman/Documents/1 Senior/Sproj/latest/images_zoom17/brick_kiln/458_31.4221859_73.56518269.jpg</path>
	<source>
		<database>Unknown</database>
	</source>
	<size>
		<width>256</width>
		<height>256</height>
		<depth>3</depth>
	</size>
	<segmented>0</segmented>
	<object>
		<name>bk</name>
		<pose>Unspecified</pose>
		<truncated>0</truncated>
		<difficult>0</difficult>
		<bndbox>
			<xmin>132</xmin>
			<ymin>57</ymin>
			<xmax>211</xmax>
			<ymax>120</ymax>
		</bndbox>
	</object>
</annotation>
