<annotation>
	<folder>brick_kiln</folder>
	<filename>480_30.28600032_73.73797631.jpg</filename>
	<path>/home/usman/Documents/1 Senior/Sproj/latest/images_zoom17/brick_kiln/480_30.28600032_73.73797631.jpg</path>
	<source>
		<database>Unknown</database>
	</source>
	<size>
		<width>256</width>
		<height>256</height>
		<depth>3</depth>
	</size>
	<segmented>0</segmented>
	<object>
		<name>bk</name>
		<pose>Unspecified</pose>
		<truncated>0</truncated>
		<difficult>0</difficult>
		<bndbox>
			<xmin>111</xmin>
			<ymin>90</ymin>
			<xmax>154</xmax>
			<ymax>180</ymax>
		</bndbox>
	</object>
</annotation>
