<annotation>
	<folder>brick_kiln</folder>
	<filename>482_32.16921228_74.55974319.jpg</filename>
	<path>/home/usman/Documents/1 Senior/Sproj/latest/images_zoom17/brick_kiln/482_32.16921228_74.55974319.jpg</path>
	<source>
		<database>Unknown</database>
	</source>
	<size>
		<width>256</width>
		<height>256</height>
		<depth>3</depth>
	</size>
	<segmented>0</segmented>
	<object>
		<name>bk</name>
		<pose>Unspecified</pose>
		<truncated>0</truncated>
		<difficult>0</difficult>
		<bndbox>
			<xmin>125</xmin>
			<ymin>90</ymin>
			<xmax>217</xmax>
			<ymax>133</ymax>
		</bndbox>
	</object>
</annotation>
