<annotation>
	<folder>brick_kiln</folder>
	<filename>500_28.33014919_70.04075115.jpg</filename>
	<path>/home/usman/Documents/1 Senior/Sproj/latest/images_zoom17/brick_kiln/500_28.33014919_70.04075115.jpg</path>
	<source>
		<database>Unknown</database>
	</source>
	<size>
		<width>256</width>
		<height>256</height>
		<depth>3</depth>
	</size>
	<segmented>0</segmented>
	<object>
		<name>bk</name>
		<pose>Unspecified</pose>
		<truncated>0</truncated>
		<difficult>0</difficult>
		<bndbox>
			<xmin>64</xmin>
			<ymin>101</ymin>
			<xmax>141</xmax>
			<ymax>148</ymax>
		</bndbox>
	</object>
</annotation>
