<annotation>
	<folder>brick_kiln</folder>
	<filename>510_32.31838787_74.89844794.jpg</filename>
	<path>/home/usman/Documents/1 Senior/Sproj/latest/images_zoom17/brick_kiln/510_32.31838787_74.89844794.jpg</path>
	<source>
		<database>Unknown</database>
	</source>
	<size>
		<width>256</width>
		<height>256</height>
		<depth>3</depth>
	</size>
	<segmented>0</segmented>
	<object>
		<name>bk</name>
		<pose>Unspecified</pose>
		<truncated>0</truncated>
		<difficult>0</difficult>
		<bndbox>
			<xmin>126</xmin>
			<ymin>160</ymin>
			<xmax>186</xmax>
			<ymax>191</ymax>
		</bndbox>
	</object>
</annotation>
