<annotation>
	<folder>brick_kiln</folder>
	<filename>517_32.43441_73.37290667.jpg</filename>
	<path>/home/usman/Documents/1 Senior/Sproj/latest/images_zoom17/brick_kiln/517_32.43441_73.37290667.jpg</path>
	<source>
		<database>Unknown</database>
	</source>
	<size>
		<width>256</width>
		<height>256</height>
		<depth>3</depth>
	</size>
	<segmented>0</segmented>
	<object>
		<name>bk</name>
		<pose>Unspecified</pose>
		<truncated>0</truncated>
		<difficult>0</difficult>
		<bndbox>
			<xmin>48</xmin>
			<ymin>92</ymin>
			<xmax>128</xmax>
			<ymax>134</ymax>
		</bndbox>
	</object>
</annotation>
