<annotation>
	<folder>brick_kiln</folder>
	<filename>526_31.19777_73.912625.jpg</filename>
	<path>/home/usman/Documents/1 Senior/Sproj/latest/images_zoom17/brick_kiln/526_31.19777_73.912625.jpg</path>
	<source>
		<database>Unknown</database>
	</source>
	<size>
		<width>256</width>
		<height>256</height>
		<depth>3</depth>
	</size>
	<segmented>0</segmented>
	<object>
		<name>bk</name>
		<pose>Unspecified</pose>
		<truncated>0</truncated>
		<difficult>0</difficult>
		<bndbox>
			<xmin>87</xmin>
			<ymin>136</ymin>
			<xmax>174</xmax>
			<ymax>208</ymax>
		</bndbox>
	</object>
</annotation>
