<annotation>
	<folder>brick_kiln</folder>
	<filename>577_28.93098034_70.70519659.jpg</filename>
	<path>/home/usman/Documents/1 Senior/Sproj/latest/images_zoom17/brick_kiln/577_28.93098034_70.70519659.jpg</path>
	<source>
		<database>Unknown</database>
	</source>
	<size>
		<width>256</width>
		<height>256</height>
		<depth>3</depth>
	</size>
	<segmented>0</segmented>
	<object>
		<name>bk</name>
		<pose>Unspecified</pose>
		<truncated>0</truncated>
		<difficult>0</difficult>
		<bndbox>
			<xmin>70</xmin>
			<ymin>124</ymin>
			<xmax>138</xmax>
			<ymax>156</ymax>
		</bndbox>
	</object>
</annotation>
