<annotation>
	<folder>brick_kiln</folder>
	<filename>584_33.57599091_73.00058342.jpg</filename>
	<path>/home/usman/Documents/1 Senior/Sproj/latest/images_zoom17/brick_kiln/584_33.57599091_73.00058342.jpg</path>
	<source>
		<database>Unknown</database>
	</source>
	<size>
		<width>256</width>
		<height>256</height>
		<depth>3</depth>
	</size>
	<segmented>0</segmented>
	<object>
		<name>bk</name>
		<pose>Unspecified</pose>
		<truncated>0</truncated>
		<difficult>0</difficult>
		<bndbox>
			<xmin>80</xmin>
			<ymin>92</ymin>
			<xmax>136</xmax>
			<ymax>186</ymax>
		</bndbox>
	</object>
	<object>
		<name>bk</name>
		<pose>Unspecified</pose>
		<truncated>1</truncated>
		<difficult>0</difficult>
		<bndbox>
			<xmin>78</xmin>
			<ymin>1</ymin>
			<xmax>163</xmax>
			<ymax>50</ymax>
		</bndbox>
	</object>
</annotation>
