<annotation>
	<folder>brick_kiln</folder>
	<filename>638_31.24873833_72.94974333.jpg</filename>
	<path>/home/usman/Documents/1 Senior/Sproj/latest/images_zoom17/brick_kiln/638_31.24873833_72.94974333.jpg</path>
	<source>
		<database>Unknown</database>
	</source>
	<size>
		<width>256</width>
		<height>256</height>
		<depth>3</depth>
	</size>
	<segmented>0</segmented>
	<object>
		<name>bk</name>
		<pose>Unspecified</pose>
		<truncated>0</truncated>
		<difficult>0</difficult>
		<bndbox>
			<xmin>129</xmin>
			<ymin>31</ymin>
			<xmax>222</xmax>
			<ymax>125</ymax>
		</bndbox>
	</object>
</annotation>
