<annotation>
	<folder>brick_kiln</folder>
	<filename>66_30.3338504_72.6904642.jpg</filename>
	<path>/home/usman/Documents/1 Senior/Sproj/latest/images_zoom17/brick_kiln/66_30.3338504_72.6904642.jpg</path>
	<source>
		<database>Unknown</database>
	</source>
	<size>
		<width>256</width>
		<height>256</height>
		<depth>3</depth>
	</size>
	<segmented>0</segmented>
	<object>
		<name>bk</name>
		<pose>Unspecified</pose>
		<truncated>0</truncated>
		<difficult>0</difficult>
		<bndbox>
			<xmin>112</xmin>
			<ymin>96</ymin>
			<xmax>192</xmax>
			<ymax>121</ymax>
		</bndbox>
	</object>
</annotation>
