<annotation>
	<folder>brick_kiln</folder>
	<filename>699_32.86201199_72.88955897.jpg</filename>
	<path>/home/usman/Documents/1 Senior/Sproj/latest/images_zoom17/brick_kiln/699_32.86201199_72.88955897.jpg</path>
	<source>
		<database>Unknown</database>
	</source>
	<size>
		<width>256</width>
		<height>256</height>
		<depth>3</depth>
	</size>
	<segmented>0</segmented>
	<object>
		<name>bk</name>
		<pose>Unspecified</pose>
		<truncated>0</truncated>
		<difficult>0</difficult>
		<bndbox>
			<xmin>71</xmin>
			<ymin>112</ymin>
			<xmax>160</xmax>
			<ymax>168</ymax>
		</bndbox>
	</object>
</annotation>
