<annotation>
	<folder>brick_kiln</folder>
	<filename>703_31.19791_72.34627333.jpg</filename>
	<path>/home/usman/Documents/1 Senior/Sproj/latest/images_zoom17/brick_kiln/703_31.19791_72.34627333.jpg</path>
	<source>
		<database>Unknown</database>
	</source>
	<size>
		<width>256</width>
		<height>256</height>
		<depth>3</depth>
	</size>
	<segmented>0</segmented>
	<object>
		<name>bk</name>
		<pose>Unspecified</pose>
		<truncated>0</truncated>
		<difficult>0</difficult>
		<bndbox>
			<xmin>131</xmin>
			<ymin>114</ymin>
			<xmax>195</xmax>
			<ymax>183</ymax>
		</bndbox>
	</object>
</annotation>
