<annotation>
	<folder>brick_kiln</folder>
	<filename>725_31.33372095_73.38993288.jpg</filename>
	<path>/home/usman/Documents/1 Senior/Sproj/latest/images_zoom17/brick_kiln/725_31.33372095_73.38993288.jpg</path>
	<source>
		<database>Unknown</database>
	</source>
	<size>
		<width>256</width>
		<height>256</height>
		<depth>3</depth>
	</size>
	<segmented>0</segmented>
	<object>
		<name>bk</name>
		<pose>Unspecified</pose>
		<truncated>0</truncated>
		<difficult>0</difficult>
		<bndbox>
			<xmin>62</xmin>
			<ymin>104</ymin>
			<xmax>136</xmax>
			<ymax>176</ymax>
		</bndbox>
	</object>
</annotation>
