<annotation>
	<folder>brick_kiln</folder>
	<filename>740_32.07854928_74.16429068.jpg</filename>
	<path>/home/usman/Documents/1 Senior/Sproj/latest/images_zoom17/brick_kiln/740_32.07854928_74.16429068.jpg</path>
	<source>
		<database>Unknown</database>
	</source>
	<size>
		<width>256</width>
		<height>256</height>
		<depth>3</depth>
	</size>
	<segmented>0</segmented>
	<object>
		<name>bk</name>
		<pose>Unspecified</pose>
		<truncated>0</truncated>
		<difficult>0</difficult>
		<bndbox>
			<xmin>129</xmin>
			<ymin>77</ymin>
			<xmax>219</xmax>
			<ymax>116</ymax>
		</bndbox>
	</object>
	<object>
		<name>bk</name>
		<pose>Unspecified</pose>
		<truncated>0</truncated>
		<difficult>0</difficult>
		<bndbox>
			<xmin>62</xmin>
			<ymin>190</ymin>
			<xmax>154</xmax>
			<ymax>238</ymax>
		</bndbox>
	</object>
</annotation>
