<annotation>
	<folder>brick_kiln</folder>
	<filename>749_32.96814772_72.52026222.jpg</filename>
	<path>/home/usman/Documents/1 Senior/Sproj/latest/images_zoom17/brick_kiln/749_32.96814772_72.52026222.jpg</path>
	<source>
		<database>Unknown</database>
	</source>
	<size>
		<width>256</width>
		<height>256</height>
		<depth>3</depth>
	</size>
	<segmented>0</segmented>
	<object>
		<name>bk</name>
		<pose>Unspecified</pose>
		<truncated>0</truncated>
		<difficult>0</difficult>
		<bndbox>
			<xmin>55</xmin>
			<ymin>91</ymin>
			<xmax>135</xmax>
			<ymax>130</ymax>
		</bndbox>
	</object>
</annotation>
