<annotation>
	<folder>brick_kiln</folder>
	<filename>752_30.94850167_70.93048333.jpg</filename>
	<path>/home/usman/Documents/1 Senior/Sproj/latest/images_zoom17/brick_kiln/752_30.94850167_70.93048333.jpg</path>
	<source>
		<database>Unknown</database>
	</source>
	<size>
		<width>256</width>
		<height>256</height>
		<depth>3</depth>
	</size>
	<segmented>0</segmented>
	<object>
		<name>bk</name>
		<pose>Unspecified</pose>
		<truncated>0</truncated>
		<difficult>0</difficult>
		<bndbox>
			<xmin>114</xmin>
			<ymin>40</ymin>
			<xmax>160</xmax>
			<ymax>128</ymax>
		</bndbox>
	</object>
</annotation>
