<annotation>
	<folder>brick_kiln</folder>
	<filename>755_29.32105_71.35894333.jpg</filename>
	<path>/home/usman/Documents/1 Senior/Sproj/latest/images_zoom17/brick_kiln/755_29.32105_71.35894333.jpg</path>
	<source>
		<database>Unknown</database>
	</source>
	<size>
		<width>256</width>
		<height>256</height>
		<depth>3</depth>
	</size>
	<segmented>0</segmented>
	<object>
		<name>bk</name>
		<pose>Unspecified</pose>
		<truncated>0</truncated>
		<difficult>0</difficult>
		<bndbox>
			<xmin>107</xmin>
			<ymin>103</ymin>
			<xmax>179</xmax>
			<ymax>136</ymax>
		</bndbox>
	</object>
</annotation>
