<annotation>
	<folder>brick_kiln</folder>
	<filename>757_31.18720899_74.44156347.jpg</filename>
	<path>/home/usman/Documents/1 Senior/Sproj/latest/images_zoom17/brick_kiln/757_31.18720899_74.44156347.jpg</path>
	<source>
		<database>Unknown</database>
	</source>
	<size>
		<width>256</width>
		<height>256</height>
		<depth>3</depth>
	</size>
	<segmented>0</segmented>
	<object>
		<name>bk</name>
		<pose>Unspecified</pose>
		<truncated>0</truncated>
		<difficult>0</difficult>
		<bndbox>
			<xmin>64</xmin>
			<ymin>123</ymin>
			<xmax>120</xmax>
			<ymax>210</ymax>
		</bndbox>
	</object>
</annotation>
