<annotation>
	<folder>brick_kiln</folder>
	<filename>760_31.972185_74.27165333.jpg</filename>
	<path>/home/usman/Documents/1 Senior/Sproj/latest/images_zoom17/brick_kiln/760_31.972185_74.27165333.jpg</path>
	<source>
		<database>Unknown</database>
	</source>
	<size>
		<width>256</width>
		<height>256</height>
		<depth>3</depth>
	</size>
	<segmented>0</segmented>
	<object>
		<name>bk</name>
		<pose>Unspecified</pose>
		<truncated>0</truncated>
		<difficult>0</difficult>
		<bndbox>
			<xmin>134</xmin>
			<ymin>92</ymin>
			<xmax>218</xmax>
			<ymax>132</ymax>
		</bndbox>
	</object>
</annotation>
