<annotation>
	<folder>brick_kiln</folder>
	<filename>762_31.67650568_73.29000144.jpg</filename>
	<path>/home/usman/Documents/1 Senior/Sproj/latest/images_zoom17/brick_kiln/762_31.67650568_73.29000144.jpg</path>
	<source>
		<database>Unknown</database>
	</source>
	<size>
		<width>256</width>
		<height>256</height>
		<depth>3</depth>
	</size>
	<segmented>0</segmented>
	<object>
		<name>bk</name>
		<pose>Unspecified</pose>
		<truncated>0</truncated>
		<difficult>0</difficult>
		<bndbox>
			<xmin>115</xmin>
			<ymin>64</ymin>
			<xmax>194</xmax>
			<ymax>118</ymax>
		</bndbox>
	</object>
</annotation>
