<annotation>
	<folder>brick_kiln</folder>
	<filename>782_32.42042333_73.01047167.jpg</filename>
	<path>/home/usman/Documents/1 Senior/Sproj/latest/images_zoom17/brick_kiln/782_32.42042333_73.01047167.jpg</path>
	<source>
		<database>Unknown</database>
	</source>
	<size>
		<width>256</width>
		<height>256</height>
		<depth>3</depth>
	</size>
	<segmented>0</segmented>
	<object>
		<name>bk</name>
		<pose>Unspecified</pose>
		<truncated>0</truncated>
		<difficult>0</difficult>
		<bndbox>
			<xmin>98</xmin>
			<ymin>144</ymin>
			<xmax>174</xmax>
			<ymax>213</ymax>
		</bndbox>
	</object>
</annotation>
