<annotation>
	<folder>brick_kiln</folder>
	<filename>798_30.14758606_73.47260073.jpg</filename>
	<path>/home/usman/Documents/1 Senior/Sproj/latest/images_zoom17/brick_kiln/798_30.14758606_73.47260073.jpg</path>
	<source>
		<database>Unknown</database>
	</source>
	<size>
		<width>256</width>
		<height>256</height>
		<depth>3</depth>
	</size>
	<segmented>0</segmented>
	<object>
		<name>bk</name>
		<pose>Unspecified</pose>
		<truncated>0</truncated>
		<difficult>0</difficult>
		<bndbox>
			<xmin>118</xmin>
			<ymin>124</ymin>
			<xmax>153</xmax>
			<ymax>186</ymax>
		</bndbox>
	</object>
</annotation>
