<annotation>
	<folder>brick_kiln</folder>
	<filename>800_29.75237891_71.64339508.jpg</filename>
	<path>/home/usman/Documents/1 Senior/Sproj/latest/images_zoom17/brick_kiln/800_29.75237891_71.64339508.jpg</path>
	<source>
		<database>Unknown</database>
	</source>
	<size>
		<width>256</width>
		<height>256</height>
		<depth>3</depth>
	</size>
	<segmented>0</segmented>
	<object>
		<name>bk</name>
		<pose>Unspecified</pose>
		<truncated>0</truncated>
		<difficult>0</difficult>
		<bndbox>
			<xmin>110</xmin>
			<ymin>82</ymin>
			<xmax>144</xmax>
			<ymax>155</ymax>
		</bndbox>
	</object>
</annotation>
