<annotation>
	<folder>brick_kiln</folder>
	<filename>802_31.17064478_74.44092976.jpg</filename>
	<path>E:\SPROJ\brick_kiln\802_31.17064478_74.44092976.jpg</path>
	<source>
		<database>Unknown</database>
	</source>
	<size>
		<width>256</width>
		<height>256</height>
		<depth>3</depth>
	</size>
	<segmented>0</segmented>
	<object>
		<name>bk</name>
		<pose>Unspecified</pose>
		<truncated>0</truncated>
		<difficult>0</difficult>
		<bndbox>
			<xmin>53</xmin>
			<ymin>147</ymin>
			<xmax>152</xmax>
			<ymax>196</ymax>
		</bndbox>
	</object>
</annotation>
