<annotation>
	<folder>brick_kiln</folder>
	<filename>810_30.53004007_72.72811672.jpg</filename>
	<path>E:\SPROJ\brick_kiln\810_30.53004007_72.72811672.jpg</path>
	<source>
		<database>Unknown</database>
	</source>
	<size>
		<width>256</width>
		<height>256</height>
		<depth>3</depth>
	</size>
	<segmented>0</segmented>
	<object>
		<name>bk</name>
		<pose>Unspecified</pose>
		<truncated>0</truncated>
		<difficult>0</difficult>
		<bndbox>
			<xmin>30</xmin>
			<ymin>90</ymin>
			<xmax>116</xmax>
			<ymax>126</ymax>
		</bndbox>
	</object>
</annotation>
