<annotation>
	<folder>brick_kiln</folder>
	<filename>827_30.29782_72.869545.jpg</filename>
	<path>E:\SPROJ\brick_kiln\827_30.29782_72.869545.jpg</path>
	<source>
		<database>Unknown</database>
	</source>
	<size>
		<width>256</width>
		<height>256</height>
		<depth>3</depth>
	</size>
	<segmented>0</segmented>
	<object>
		<name>bk</name>
		<pose>Unspecified</pose>
		<truncated>0</truncated>
		<difficult>0</difficult>
		<bndbox>
			<xmin>131</xmin>
			<ymin>131</ymin>
			<xmax>180</xmax>
			<ymax>219</ymax>
		</bndbox>
	</object>
</annotation>
