<annotation>
	<folder>brick_kiln</folder>
	<filename>828_32.15236667_74.85823167.jpg</filename>
	<path>E:\SPROJ\brick_kiln\828_32.15236667_74.85823167.jpg</path>
	<source>
		<database>Unknown</database>
	</source>
	<size>
		<width>256</width>
		<height>256</height>
		<depth>3</depth>
	</size>
	<segmented>0</segmented>
	<object>
		<name>bk</name>
		<pose>Unspecified</pose>
		<truncated>0</truncated>
		<difficult>0</difficult>
		<bndbox>
			<xmin>126</xmin>
			<ymin>120</ymin>
			<xmax>201</xmax>
			<ymax>160</ymax>
		</bndbox>
	</object>
</annotation>
