<annotation>
	<folder>brick_kiln</folder>
	<filename>838_29.94123677_70.68522323.jpg</filename>
	<path>E:\SPROJ\brick_kiln\838_29.94123677_70.68522323.jpg</path>
	<source>
		<database>Unknown</database>
	</source>
	<size>
		<width>256</width>
		<height>256</height>
		<depth>3</depth>
	</size>
	<segmented>0</segmented>
	<object>
		<name>bk</name>
		<pose>Unspecified</pose>
		<truncated>0</truncated>
		<difficult>0</difficult>
		<bndbox>
			<xmin>147</xmin>
			<ymin>65</ymin>
			<xmax>196</xmax>
			<ymax>161</ymax>
		</bndbox>
	</object>
</annotation>
