<annotation>
	<folder>brick_kiln</folder>
	<filename>846_30.14300833_71.56297333.jpg</filename>
	<path>E:\SPROJ\brick_kiln\846_30.14300833_71.56297333.jpg</path>
	<source>
		<database>Unknown</database>
	</source>
	<size>
		<width>256</width>
		<height>256</height>
		<depth>3</depth>
	</size>
	<segmented>0</segmented>
	<object>
		<name>bk</name>
		<pose>Unspecified</pose>
		<truncated>0</truncated>
		<difficult>0</difficult>
		<bndbox>
			<xmin>95</xmin>
			<ymin>114</ymin>
			<xmax>191</xmax>
			<ymax>156</ymax>
		</bndbox>
	</object>
</annotation>
