<annotation>
	<folder>brick_kiln</folder>
	<filename>858_29.28723946_70.47418179.jpg</filename>
	<path>E:\SPROJ\brick_kiln\858_29.28723946_70.47418179.jpg</path>
	<source>
		<database>Unknown</database>
	</source>
	<size>
		<width>256</width>
		<height>256</height>
		<depth>3</depth>
	</size>
	<segmented>0</segmented>
	<object>
		<name>bk</name>
		<pose>Unspecified</pose>
		<truncated>0</truncated>
		<difficult>0</difficult>
		<bndbox>
			<xmin>12</xmin>
			<ymin>95</ymin>
			<xmax>91</xmax>
			<ymax>136</ymax>
		</bndbox>
	</object>
	<object>
		<name>bk</name>
		<pose>Unspecified</pose>
		<truncated>0</truncated>
		<difficult>0</difficult>
		<bndbox>
			<xmin>117</xmin>
			<ymin>129</ymin>
			<xmax>202</xmax>
			<ymax>174</ymax>
		</bndbox>
	</object>
</annotation>
