<annotation>
	<folder>brick_kiln</folder>
	<filename>861_30.19102862_72.91196535.jpg</filename>
	<path>E:\SPROJ\brick_kiln\861_30.19102862_72.91196535.jpg</path>
	<source>
		<database>Unknown</database>
	</source>
	<size>
		<width>256</width>
		<height>256</height>
		<depth>3</depth>
	</size>
	<segmented>0</segmented>
	<object>
		<name>bk</name>
		<pose>Unspecified</pose>
		<truncated>0</truncated>
		<difficult>0</difficult>
		<bndbox>
			<xmin>135</xmin>
			<ymin>120</ymin>
			<xmax>214</xmax>
			<ymax>152</ymax>
		</bndbox>
	</object>
</annotation>
