<annotation>
	<folder>brick_kiln</folder>
	<filename>863_31.15293_72.80945.jpg</filename>
	<path>E:\SPROJ\brick_kiln\863_31.15293_72.80945.jpg</path>
	<source>
		<database>Unknown</database>
	</source>
	<size>
		<width>256</width>
		<height>256</height>
		<depth>3</depth>
	</size>
	<segmented>0</segmented>
	<object>
		<name>bk</name>
		<pose>Unspecified</pose>
		<truncated>0</truncated>
		<difficult>0</difficult>
		<bndbox>
			<xmin>132</xmin>
			<ymin>118</ymin>
			<xmax>196</xmax>
			<ymax>183</ymax>
		</bndbox>
	</object>
</annotation>
