<annotation>
	<folder>brick_kiln</folder>
	<filename>871_29.57759701_71.13267825.jpg</filename>
	<path>E:\SPROJ\brick_kiln\871_29.57759701_71.13267825.jpg</path>
	<source>
		<database>Unknown</database>
	</source>
	<size>
		<width>256</width>
		<height>256</height>
		<depth>3</depth>
	</size>
	<segmented>0</segmented>
	<object>
		<name>bk</name>
		<pose>Unspecified</pose>
		<truncated>0</truncated>
		<difficult>0</difficult>
		<bndbox>
			<xmin>62</xmin>
			<ymin>88</ymin>
			<xmax>131</xmax>
			<ymax>136</ymax>
		</bndbox>
	</object>
</annotation>
