<annotation>
	<folder>brick_kiln</folder>
	<filename>878_30.60945202_73.19711598.jpg</filename>
	<path>E:\SPROJ\brick_kiln\878_30.60945202_73.19711598.jpg</path>
	<source>
		<database>Unknown</database>
	</source>
	<size>
		<width>256</width>
		<height>256</height>
		<depth>3</depth>
	</size>
	<segmented>0</segmented>
	<object>
		<name>bk</name>
		<pose>Unspecified</pose>
		<truncated>0</truncated>
		<difficult>0</difficult>
		<bndbox>
			<xmin>89</xmin>
			<ymin>28</ymin>
			<xmax>152</xmax>
			<ymax>116</ymax>
		</bndbox>
	</object>
</annotation>
