<annotation>
	<folder>brick_kiln</folder>
	<filename>880_29.89102333_70.61339.jpg</filename>
	<path>E:\SPROJ\brick_kiln\880_29.89102333_70.61339.jpg</path>
	<source>
		<database>Unknown</database>
	</source>
	<size>
		<width>256</width>
		<height>256</height>
		<depth>3</depth>
	</size>
	<segmented>0</segmented>
	<object>
		<name>bk</name>
		<pose>Unspecified</pose>
		<truncated>0</truncated>
		<difficult>0</difficult>
		<bndbox>
			<xmin>89</xmin>
			<ymin>107</ymin>
			<xmax>150</xmax>
			<ymax>171</ymax>
		</bndbox>
	</object>
</annotation>
