<annotation>
	<folder>brick_kiln</folder>
	<filename>886_30.86316789_72.56070483.jpg</filename>
	<path>E:\SPROJ\brick_kiln\886_30.86316789_72.56070483.jpg</path>
	<source>
		<database>Unknown</database>
	</source>
	<size>
		<width>256</width>
		<height>256</height>
		<depth>3</depth>
	</size>
	<segmented>0</segmented>
	<object>
		<name>bk</name>
		<pose>Unspecified</pose>
		<truncated>0</truncated>
		<difficult>0</difficult>
		<bndbox>
			<xmin>122</xmin>
			<ymin>117</ymin>
			<xmax>182</xmax>
			<ymax>167</ymax>
		</bndbox>
	</object>
</annotation>
