<annotation>
	<folder>brick_kiln</folder>
	<filename>902_32.28437004_74.89510841.jpg</filename>
	<path>E:\SPROJ\brick_kiln\902_32.28437004_74.89510841.jpg</path>
	<source>
		<database>Unknown</database>
	</source>
	<size>
		<width>256</width>
		<height>256</height>
		<depth>3</depth>
	</size>
	<segmented>0</segmented>
	<object>
		<name>bk</name>
		<pose>Unspecified</pose>
		<truncated>0</truncated>
		<difficult>0</difficult>
		<bndbox>
			<xmin>71</xmin>
			<ymin>106</ymin>
			<xmax>146</xmax>
			<ymax>150</ymax>
		</bndbox>
	</object>
</annotation>
