<annotation>
	<folder>brick_kiln</folder>
	<filename>903_32.24097667_72.90426333.jpg</filename>
	<path>E:\SPROJ\brick_kiln\903_32.24097667_72.90426333.jpg</path>
	<source>
		<database>Unknown</database>
	</source>
	<size>
		<width>256</width>
		<height>256</height>
		<depth>3</depth>
	</size>
	<segmented>0</segmented>
	<object>
		<name>bk</name>
		<pose>Unspecified</pose>
		<truncated>0</truncated>
		<difficult>0</difficult>
		<bndbox>
			<xmin>104</xmin>
			<ymin>148</ymin>
			<xmax>169</xmax>
			<ymax>187</ymax>
		</bndbox>
	</object>
</annotation>
