<annotation>
	<folder>brick_kiln</folder>
	<filename>905_31.71170141_74.04335379.jpg</filename>
	<path>E:\SPROJ\brick_kiln\905_31.71170141_74.04335379.jpg</path>
	<source>
		<database>Unknown</database>
	</source>
	<size>
		<width>256</width>
		<height>256</height>
		<depth>3</depth>
	</size>
	<segmented>0</segmented>
	<object>
		<name>bk</name>
		<pose>Unspecified</pose>
		<truncated>0</truncated>
		<difficult>0</difficult>
		<bndbox>
			<xmin>13</xmin>
			<ymin>78</ymin>
			<xmax>114</xmax>
			<ymax>127</ymax>
		</bndbox>
	</object>
</annotation>
