<annotation>
	<folder>brick_kiln</folder>
	<filename>918_32.909065_73.781615.jpg</filename>
	<path>E:\SPROJ\brick_kiln\918_32.909065_73.781615.jpg</path>
	<source>
		<database>Unknown</database>
	</source>
	<size>
		<width>256</width>
		<height>256</height>
		<depth>3</depth>
	</size>
	<segmented>0</segmented>
	<object>
		<name>bk</name>
		<pose>Unspecified</pose>
		<truncated>0</truncated>
		<difficult>0</difficult>
		<bndbox>
			<xmin>31</xmin>
			<ymin>24</ymin>
			<xmax>109</xmax>
			<ymax>64</ymax>
		</bndbox>
	</object>
</annotation>
