<annotation>
	<folder>brick_kiln</folder>
	<filename>924_31.478925_71.01677833.jpg</filename>
	<path>E:\SPROJ\brick_kiln\924_31.478925_71.01677833.jpg</path>
	<source>
		<database>Unknown</database>
	</source>
	<size>
		<width>256</width>
		<height>256</height>
		<depth>3</depth>
	</size>
	<segmented>0</segmented>
	<object>
		<name>bk</name>
		<pose>Unspecified</pose>
		<truncated>0</truncated>
		<difficult>0</difficult>
		<bndbox>
			<xmin>44</xmin>
			<ymin>67</ymin>
			<xmax>131</xmax>
			<ymax>115</ymax>
		</bndbox>
	</object>
</annotation>
