<annotation>
	<folder>brick_kiln</folder>
	<filename>939_31.0334319_73.87912139.jpg</filename>
	<path>E:\SPROJ\brick_kiln\939_31.0334319_73.87912139.jpg</path>
	<source>
		<database>Unknown</database>
	</source>
	<size>
		<width>256</width>
		<height>256</height>
		<depth>3</depth>
	</size>
	<segmented>0</segmented>
	<object>
		<name>bk</name>
		<pose>Unspecified</pose>
		<truncated>0</truncated>
		<difficult>0</difficult>
		<bndbox>
			<xmin>127</xmin>
			<ymin>113</ymin>
			<xmax>239</xmax>
			<ymax>197</ymax>
		</bndbox>
	</object>
</annotation>
