<annotation>
	<folder>brick_kiln</folder>
	<filename>956_30.14854661_71.4794596.jpg</filename>
	<path>E:\SPROJ\brick_kiln\956_30.14854661_71.4794596.jpg</path>
	<source>
		<database>Unknown</database>
	</source>
	<size>
		<width>256</width>
		<height>256</height>
		<depth>3</depth>
	</size>
	<segmented>0</segmented>
	<object>
		<name>bk</name>
		<pose>Unspecified</pose>
		<truncated>0</truncated>
		<difficult>0</difficult>
		<bndbox>
			<xmin>95</xmin>
			<ymin>142</ymin>
			<xmax>128</xmax>
			<ymax>217</ymax>
		</bndbox>
	</object>
</annotation>
