<annotation>
	<folder>brick_kiln</folder>
	<filename>958_30.71495333_72.67996333.jpg</filename>
	<path>E:\SPROJ\brick_kiln\958_30.71495333_72.67996333.jpg</path>
	<source>
		<database>Unknown</database>
	</source>
	<size>
		<width>256</width>
		<height>256</height>
		<depth>3</depth>
	</size>
	<segmented>0</segmented>
	<object>
		<name>bk</name>
		<pose>Unspecified</pose>
		<truncated>0</truncated>
		<difficult>0</difficult>
		<bndbox>
			<xmin>39</xmin>
			<ymin>59</ymin>
			<xmax>111</xmax>
			<ymax>118</ymax>
		</bndbox>
	</object>
	<object>
		<name>bk</name>
		<pose>Unspecified</pose>
		<truncated>0</truncated>
		<difficult>0</difficult>
		<bndbox>
			<xmin>76</xmin>
			<ymin>101</ymin>
			<xmax>148</xmax>
			<ymax>157</ymax>
		</bndbox>
	</object>
</annotation>
