<annotation>
	<folder>brick_kiln</folder>
	<filename>961_32.40796667_74.528495.jpg</filename>
	<path>E:\SPROJ\brick_kiln\961_32.40796667_74.528495.jpg</path>
	<source>
		<database>Unknown</database>
	</source>
	<size>
		<width>256</width>
		<height>256</height>
		<depth>3</depth>
	</size>
	<segmented>0</segmented>
	<object>
		<name>bk</name>
		<pose>Unspecified</pose>
		<truncated>0</truncated>
		<difficult>0</difficult>
		<bndbox>
			<xmin>99</xmin>
			<ymin>105</ymin>
			<xmax>147</xmax>
			<ymax>190</ymax>
		</bndbox>
	</object>
</annotation>
