<annotation>
	<folder>brick_kiln</folder>
	<filename>976_33.23781577_73.32167923.jpg</filename>
	<path>E:\SPROJ\brick_kiln\976_33.23781577_73.32167923.jpg</path>
	<source>
		<database>Unknown</database>
	</source>
	<size>
		<width>256</width>
		<height>256</height>
		<depth>3</depth>
	</size>
	<segmented>0</segmented>
	<object>
		<name>bk</name>
		<pose>Unspecified</pose>
		<truncated>0</truncated>
		<difficult>0</difficult>
		<bndbox>
			<xmin>113</xmin>
			<ymin>126</ymin>
			<xmax>172</xmax>
			<ymax>190</ymax>
		</bndbox>
	</object>
</annotation>
