<annotation>
	<folder>brick_kiln</folder>
	<filename>991_29.89266_72.54905667.jpg</filename>
	<path>E:\SPROJ\brick_kiln\991_29.89266_72.54905667.jpg</path>
	<source>
		<database>Unknown</database>
	</source>
	<size>
		<width>256</width>
		<height>256</height>
		<depth>3</depth>
	</size>
	<segmented>0</segmented>
	<object>
		<name>bk</name>
		<pose>Unspecified</pose>
		<truncated>0</truncated>
		<difficult>0</difficult>
		<bndbox>
			<xmin>124</xmin>
			<ymin>169</ymin>
			<xmax>163</xmax>
			<ymax>240</ymax>
		</bndbox>
	</object>
	<object>
		<name>bk</name>
		<pose>Unspecified</pose>
		<truncated>0</truncated>
		<difficult>0</difficult>
		<bndbox>
			<xmin>195</xmin>
			<ymin>149</ymin>
			<xmax>236</xmax>
			<ymax>236</ymax>
		</bndbox>
	</object>
</annotation>
