<annotation>
	<folder>brick_kiln</folder>
	<filename>992_31.68824583_73.2700279.jpg</filename>
	<path>E:\SPROJ\brick_kiln\992_31.68824583_73.2700279.jpg</path>
	<source>
		<database>Unknown</database>
	</source>
	<size>
		<width>256</width>
		<height>256</height>
		<depth>3</depth>
	</size>
	<segmented>0</segmented>
	<object>
		<name>bk</name>
		<pose>Unspecified</pose>
		<truncated>0</truncated>
		<difficult>0</difficult>
		<bndbox>
			<xmin>83</xmin>
			<ymin>108</ymin>
			<xmax>131</xmax>
			<ymax>196</ymax>
		</bndbox>
	</object>
</annotation>
