<annotation>
	<folder>brick_kiln</folder>
	<filename>995_31.70620453_74.06079068.jpg</filename>
	<path>E:\SPROJ\brick_kiln\995_31.70620453_74.06079068.jpg</path>
	<source>
		<database>Unknown</database>
	</source>
	<size>
		<width>256</width>
		<height>256</height>
		<depth>3</depth>
	</size>
	<segmented>0</segmented>
	<object>
		<name>bk</name>
		<pose>Unspecified</pose>
		<truncated>0</truncated>
		<difficult>0</difficult>
		<bndbox>
			<xmin>84</xmin>
			<ymin>126</ymin>
			<xmax>161</xmax>
			<ymax>170</ymax>
		</bndbox>
	</object>
</annotation>
