<annotation>
	<folder>brick_kiln</folder>
	<filename>997_31.74372315_73.97528261.jpg</filename>
	<path>E:\SPROJ\brick_kiln\997_31.74372315_73.97528261.jpg</path>
	<source>
		<database>Unknown</database>
	</source>
	<size>
		<width>256</width>
		<height>256</height>
		<depth>3</depth>
	</size>
	<segmented>0</segmented>
	<object>
		<name>bk</name>
		<pose>Unspecified</pose>
		<truncated>0</truncated>
		<difficult>0</difficult>
		<bndbox>
			<xmin>66</xmin>
			<ymin>107</ymin>
			<xmax>159</xmax>
			<ymax>157</ymax>
		</bndbox>
	</object>
</annotation>
