<annotation>
	<folder>brick_kiln</folder>
	<filename>99_29.67324085_71.21675227.jpg</filename>
	<path>/home/usman/Documents/1 Senior/Sproj/latest/images_zoom17/brick_kiln/99_29.67324085_71.21675227.jpg</path>
	<source>
		<database>Unknown</database>
	</source>
	<size>
		<width>256</width>
		<height>256</height>
		<depth>3</depth>
	</size>
	<segmented>0</segmented>
	<object>
		<name>bk</name>
		<pose>Unspecified</pose>
		<truncated>0</truncated>
		<difficult>0</difficult>
		<bndbox>
			<xmin>18</xmin>
			<ymin>146</ymin>
			<xmax>80</xmax>
			<ymax>183</ymax>
		</bndbox>
	</object>
</annotation>
